High,Low,Open,Close,Volume,Adj Close
15120.0,15120.0,15120.0,15120.0,0.0,15120.0
15120.0,15120.0,15120.0,15120.0,0.0,15120.0
5400.0,5400.0,5400.0,5400.0,0.0,5400.0
5400.0,5400.0,5400.0,5400.0,0.0,5400.0
16200.0,16200.0,16200.0,16200.0,0.0,16200.0
16200.0,16200.0,16200.0,16200.0,0.0,16200.0
16200.0,16200.0,16200.0,16200.0,0.0,16200.0
5400.0,5400.0,5400.0,5400.0,0.0,5400.0
5400.0,5400.0,5400.0,5400.0,0.0,5400.0
18360.0,18360.0,18360.0,18360.0,0.0,18360.0
18360.0,18360.0,18360.0,18360.0,0.0,18360.0
18360.0,18360.0,18360.0,18360.0,0.0,18360.0
18360.0,18360.0,18360.0,18360.0,0.0,18360.0
18360.0,18360.0,18360.0,18360.0,0.0,18360.0
18360.0,18360.0,18360.0,18360.0,0.0,18360.0
18360.0,18360.0,18360.0,18360.0,0.0,18360.0
18360.0,18360.0,18360.0,18360.0,0.0,18360.0
18360.0,18360.0,18360.0,18360.0,0.0,18360.0
18360.0,18360.0,18360.0,18360.0,0.0,18360.0
18360.0,18360.0,18360.0,18360.0,0.0,18360.0
18360.0,18360.0,18360.0,18360.0,0.0,18360.0
18360.0,18360.0,18360.0,18360.0,0.0,18360.0
18360.0,18360.0,18360.0,18360.0,0.0,18360.0
18360.0,18360.0,18360.0,18360.0,0.0,18360.0
18360.0,18360.0,18360.0,18360.0,0.0,18360.0
18360.0,18360.0,18360.0,18360.0,0.0,18360.0
18360.0,18360.0,18360.0,18360.0,0.0,18360.0
18360.0,18360.0,18360.0,18360.0,0.0,18360.0
18360.0,18360.0,18360.0,18360.0,0.0,18360.0
18360.0,18360.0,18360.0,18360.0,0.0,18360.0
18360.0,18360.0,18360.0,18360.0,0.0,18360.0
18360.0,18360.0,18360.0,18360.0,0.0,18360.0
18360.0,18360.0,18360.0,18360.0,0.0,18360.0
18360.0,18360.0,18360.0,18360.0,0.0,18360.0
18360.0,18360.0,18360.0,18360.0,0.0,18360.0
18360.0,18360.0,18360.0,18360.0,0.0,18360.0
18360.0,18360.0,18360.0,18360.0,0.0,18360.0
18360.0,18360.0,18360.0,18360.0,0.0,18360.0
18360.0,18360.0,18360.0,18360.0,0.0,18360.0
18360.0,18360.0,18360.0,18360.0,0.0,18360.0
18360.0,18360.0,18360.0,18360.0,0.0,18360.0
18360.0,18360.0,18360.0,18360.0,0.0,18360.0
36360.0,36360.0,36360.0,36360.0,0.0,36360.0
36360.0,36360.0,36360.0,36360.0,0.0,36360.0
36360.0,36360.0,36360.0,36360.0,0.0,36360.0
36360.0,36360.0,36360.0,36360.0,0.0,36360.0
36360.0,36360.0,36360.0,36360.0,0.0,36360.0
18360.0,18360.0,18360.0,18360.0,0.0,18360.0
18360.0,18360.0,18360.0,18360.0,0.0,18360.0
18360.0,18360.0,18360.0,18360.0,0.0,18360.0
18360.0,18360.0,18360.0,18360.0,0.0,18360.0
18360.0,18360.0,18360.0,18360.0,0.0,18360.0
18360.0,18360.0,18360.0,18360.0,0.0,18360.0
18360.0,18360.0,18360.0,18360.0,0.0,18360.0
18360.0,18360.0,18360.0,18360.0,0.0,18360.0
18360.0,18360.0,18360.0,18360.0,0.0,18360.0
18360.0,18360.0,18360.0,18360.0,0.0,18360.0
18360.0,18360.0,18360.0,18360.0,0.0,18360.0
18360.0,18360.0,18360.0,18360.0,0.0,18360.0
18360.0,18360.0,18360.0,18360.0,0.0,18360.0
18360.0,18360.0,18360.0,18360.0,0.0,18360.0
18360.0,18360.0,18360.0,18360.0,0.0,18360.0
18360.0,18360.0,18360.0,18360.0,0.0,18360.0
7200.0,7200.0,7200.0,7200.0,0.0,7200.0
7200.0,7200.0,7200.0,7200.0,0.0,7200.0
7200.0,7200.0,7200.0,7200.0,0.0,7200.0
7200.0,7200.0,7200.0,7200.0,0.0,7200.0
7200.0,7200.0,7200.0,7200.0,0.0,7200.0
7200.0,7200.0,7200.0,7200.0,0.0,7200.0
8820.0,8820.0,8820.0,8820.0,0.0,8820.0
8820.0,8820.0,8820.0,8820.0,0.0,8820.0
8820.0,8820.0,8820.0,8820.0,0.0,8820.0
8820.0,8820.0,8820.0,8820.0,0.0,8820.0
8820.0,8820.0,8820.0,8820.0,0.0,8820.0
8820.0,8820.0,8820.0,8820.0,0.0,8820.0
8820.0,8820.0,8820.0,8820.0,0.0,8820.0
9000.0,6660.0,9000.0,9000.0,0.0,9000.0
9000.0,9000.0,9000.0,9000.0,0.0,9000.0
9000.0,9000.0,9000.0,9000.0,0.0,9000.0
9000.0,9000.0,9000.0,9000.0,0.0,9000.0
9000.0,9000.0,9000.0,9000.0,0.0,9000.0
9000.0,9000.0,9000.0,9000.0,0.0,9000.0
9000.0,9000.0,9000.0,9000.0,0.0,9000.0
9000.0,9000.0,9000.0,9000.0,0.0,9000.0
5760.0,5760.0,5760.0,5760.0,0.0,5760.0
5760.0,5760.0,5760.0,5760.0,0.0,5760.0
5760.0,5760.0,5760.0,5760.0,0.0,5760.0
5760.0,5760.0,5760.0,5760.0,0.0,5760.0
5760.0,5760.0,5760.0,5760.0,0.0,5760.0
5760.0,5760.0,5760.0,5760.0,0.0,5760.0
5760.0,5760.0,5760.0,5760.0,0.0,5760.0
5760.0,5760.0,5760.0,5760.0,0.0,5760.0
5760.0,5760.0,5760.0,5760.0,0.0,5760.0
6552.0,4680.0,6552.0,5040.0,0.0,5040.0
5040.0,5040.0,5040.0,5040.0,0.0,5040.0
7200.0,7200.0,7200.0,7200.0,0.0,7200.0
7200.0,7200.0,7200.0,7200.0,0.0,7200.0
7200.0,7200.0,7200.0,7200.0,0.0,7200.0
7200.0,7200.0,7200.0,7200.0,0.0,7200.0
7200.0,7200.0,7200.0,7200.0,0.0,7200.0
7200.0,7200.0,7200.0,7200.0,0.0,7200.0
7200.0,7200.0,7200.0,7200.0,0.0,7200.0
7200.0,7200.0,7200.0,7200.0,0.0,7200.0
7200.0,7200.0,7200.0,7200.0,0.0,7200.0
7200.0,7200.0,7200.0,7200.0,0.0,7200.0
7200.0,7200.0,7200.0,7200.0,0.0,7200.0
7200.0,7200.0,7200.0,7200.0,0.0,7200.0
6120.0,6120.0,6120.0,6120.0,0.0,6120.0
6120.0,6120.0,6120.0,6120.0,0.0,6120.0
6120.0,6120.0,6120.0,6120.0,0.0,6120.0
6120.0,6120.0,6120.0,6120.0,0.0,6120.0
6120.0,6120.0,6120.0,6120.0,0.0,6120.0
6120.0,6120.0,6120.0,6120.0,0.0,6120.0
6120.0,6120.0,6120.0,6120.0,0.0,6120.0
6120.0,6120.0,6120.0,6120.0,0.0,6120.0
6120.0,6120.0,6120.0,6120.0,0.0,6120.0
6120.0,6120.0,6120.0,6120.0,0.0,6120.0
6120.0,6120.0,6120.0,6120.0,0.0,6120.0
6120.0,6120.0,6120.0,6120.0,0.0,6120.0
6120.0,6120.0,6120.0,6120.0,0.0,6120.0
6120.0,6120.0,6120.0,6120.0,0.0,6120.0
6120.0,6120.0,6120.0,6120.0,0.0,6120.0
6120.0,6120.0,6120.0,6120.0,0.0,6120.0
6120.0,6120.0,6120.0,6120.0,0.0,6120.0
6120.0,6120.0,6120.0,6120.0,0.0,6120.0
6120.0,6120.0,6120.0,6120.0,0.0,6120.0
6120.0,6120.0,6120.0,6120.0,0.0,6120.0
6120.0,6120.0,6120.0,6120.0,0.0,6120.0
6120.0,6120.0,6120.0,6120.0,0.0,6120.0
19800.0,7200.0,7200.0,19800.0,0.0,19800.0
19800.0,19800.0,19800.0,19800.0,0.0,19800.0
19800.0,19800.0,19800.0,19800.0,0.0,19800.0
19800.0,19800.0,19800.0,19800.0,0.0,19800.0
19800.0,19800.0,19800.0,19800.0,0.0,19800.0
19800.0,19800.0,19800.0,19800.0,0.0,19800.0
19800.0,19800.0,19800.0,19800.0,0.0,19800.0
19440.0,9000.0,9000.0,19440.0,0.0,19440.0
19440.0,19440.0,19440.0,19440.0,0.0,19440.0
19440.0,19440.0,19440.0,19440.0,0.0,19440.0
19440.0,19440.0,19440.0,19440.0,0.0,19440.0
19440.0,19440.0,19440.0,19440.0,0.0,19440.0
37800.0,18720.0,18720.0,28800.0,0.0,28800.0
36000.0,9000.0,28800.0,25200.0,0.0,25200.0
25200.0,25200.0,25200.0,25200.0,0.0,25200.0
25200.0,25200.0,25200.0,25200.0,0.0,25200.0
28800.0,18360.0,18360.0,28800.0,0.0,28800.0
19800.0,12600.0,19800.0,18000.0,0.0,18000.0
25200.0,18000.0,18000.0,25200.0,0.0,25200.0
25200.0,25200.0,25200.0,25200.0,0.0,25200.0
25200.0,25200.0,25200.0,25200.0,0.0,25200.0
18000.0,16200.0,16200.0,18000.0,0.0,18000.0
19800.0,19800.0,19800.0,19800.0,0.0,19800.0
19800.0,19800.0,19800.0,19800.0,0.0,19800.0
16200.0,16200.0,16200.0,16200.0,0.0,16200.0
16200.0,16200.0,16200.0,16200.0,0.0,16200.0
16200.0,14400.0,16200.0,14400.0,0.0,14400.0
23400.0,16200.0,18000.0,19800.0,0.0,19800.0
23400.0,23400.0,23400.0,23400.0,0.0,23400.0
23400.0,23400.0,23400.0,23400.0,0.0,23400.0
21600.0,21600.0,21600.0,21600.0,0.0,21600.0
21600.0,21600.0,21600.0,21600.0,0.0,21600.0
21600.0,21600.0,21600.0,21600.0,0.0,21600.0
21600.0,21600.0,21600.0,21600.0,0.0,21600.0
19800.0,18360.0,19800.0,18360.0,0.0,18360.0
18360.0,18360.0,18360.0,18360.0,0.0,18360.0
18360.0,18360.0,18360.0,18360.0,0.0,18360.0
18360.0,18360.0,18360.0,18360.0,0.0,18360.0
22680.0,22680.0,22680.0,22680.0,0.0,22680.0
22680.0,22680.0,22680.0,22680.0,0.0,22680.0
22680.0,22680.0,22680.0,22680.0,0.0,22680.0
22680.0,22680.0,22680.0,22680.0,0.0,22680.0
27000.0,27000.0,27000.0,27000.0,0.0,27000.0
27000.0,27000.0,27000.0,27000.0,0.0,27000.0
27000.0,27000.0,27000.0,27000.0,0.0,27000.0
27000.0,27000.0,27000.0,27000.0,0.0,27000.0
27000.0,27000.0,27000.0,27000.0,0.0,27000.0
27000.0,27000.0,27000.0,27000.0,0.0,27000.0
27000.0,27000.0,27000.0,27000.0,0.0,27000.0
27000.0,27000.0,27000.0,27000.0,0.0,27000.0
18360.0,18360.0,18360.0,18360.0,0.0,18360.0
19800.0,18360.0,18360.0,19800.0,0.0,19800.0
18360.0,18360.0,18360.0,18360.0,0.0,18360.0
19080.0,18000.0,19080.0,18000.0,0.0,18000.0
18000.0,18000.0,18000.0,18000.0,0.0,18000.0
18000.0,18000.0,18000.0,18000.0,0.0,18000.0
18360.0,18360.0,18360.0,18360.0,0.0,18360.0
27000.0,27000.0,27000.0,27000.0,0.0,27000.0
27000.0,27000.0,27000.0,27000.0,0.0,27000.0
27000.0,27000.0,27000.0,27000.0,0.0,27000.0
18000.0,18000.0,18000.0,18000.0,0.0,18000.0
18000.0,18000.0,18000.0,18000.0,0.0,18000.0
23400.0,21600.0,21600.0,23400.0,0.0,23400.0
23400.0,23400.0,23400.0,23400.0,0.0,23400.0
23400.0,23400.0,23400.0,23400.0,0.0,23400.0
23400.0,23400.0,23400.0,23400.0,0.0,23400.0
23400.0,23400.0,23400.0,23400.0,0.0,23400.0
23400.0,23400.0,23400.0,23400.0,0.0,23400.0
23400.0,23400.0,23400.0,23400.0,0.0,23400.0
23400.0,23400.0,23400.0,23400.0,0.0,23400.0
23400.0,23400.0,23400.0,23400.0,0.0,23400.0
23400.0,23400.0,23400.0,23400.0,0.0,23400.0
23400.0,23400.0,23400.0,23400.0,0.0,23400.0
23400.0,23400.0,23400.0,23400.0,0.0,23400.0
23400.0,23400.0,23400.0,23400.0,0.0,23400.0
27000.0,27000.0,27000.0,27000.0,0.0,27000.0
27000.0,27000.0,27000.0,27000.0,0.0,27000.0
27000.0,27000.0,27000.0,27000.0,0.0,27000.0
27000.0,27000.0,27000.0,27000.0,0.0,27000.0
27000.0,24840.0,27000.0,24840.0,0.0,24840.0
24840.0,24840.0,24840.0,24840.0,0.0,24840.0
24840.0,24840.0,24840.0,24840.0,0.0,24840.0
24840.0,24840.0,24840.0,24840.0,0.0,24840.0
24840.0,24840.0,24840.0,24840.0,0.0,24840.0
24840.0,24840.0,24840.0,24840.0,0.0,24840.0
24480.0,24480.0,24480.0,24480.0,0.0,24480.0
24120.0,23760.0,23760.0,24120.0,0.0,24120.0
24120.0,24120.0,24120.0,24120.0,0.0,24120.0
24120.0,24120.0,24120.0,24120.0,0.0,24120.0
24120.0,24120.0,24120.0,24120.0,0.0,24120.0
24120.0,24120.0,24120.0,24120.0,0.0,24120.0
24120.0,24120.0,24120.0,24120.0,0.0,24120.0
24120.0,24120.0,24120.0,24120.0,0.0,24120.0
24120.0,24120.0,24120.0,24120.0,0.0,24120.0
30600.0,30600.0,30600.0,30600.0,0.0,30600.0
27000.0,25200.0,27000.0,25200.0,0.0,25200.0
25200.0,25200.0,25200.0,25200.0,0.0,25200.0
24120.0,23400.0,24120.0,23400.0,0.0,23400.0
25200.0,25200.0,25200.0,25200.0,0.0,25200.0
25200.0,25200.0,25200.0,25200.0,0.0,25200.0
25200.0,25200.0,25200.0,25200.0,0.0,25200.0
25200.0,25200.0,25200.0,25200.0,0.0,25200.0
25200.0,25200.0,25200.0,25200.0,0.0,25200.0
25200.0,25200.0,25200.0,25200.0,0.0,25200.0
25200.0,25200.0,25200.0,25200.0,0.0,25200.0
25200.0,25200.0,25200.0,25200.0,0.0,25200.0
25200.0,23400.0,25200.0,23400.0,0.0,23400.0
23400.0,23400.0,23400.0,23400.0,0.0,23400.0
23400.0,23400.0,23400.0,23400.0,0.0,23400.0
23400.0,23400.0,23400.0,23400.0,0.0,23400.0
23400.0,23400.0,23400.0,23400.0,0.0,23400.0
23400.0,23400.0,23400.0,23400.0,0.0,23400.0
30600.0,28800.0,28800.0,30600.0,0.0,30600.0
39600.0,30600.0,30600.0,39600.0,0.0,39600.0
41400.0,41400.0,41400.0,41400.0,0.0,41400.0
52200.0,45000.0,45000.0,52200.0,0.0,52200.0
52200.0,52200.0,52200.0,52200.0,0.0,52200.0
48600.0,48600.0,48600.0,48600.0,0.0,48600.0
50400.0,50400.0,50400.0,50400.0,0.0,50400.0
50400.0,50400.0,50400.0,50400.0,0.0,50400.0
50400.0,50400.0,50400.0,50400.0,0.0,50400.0
50400.0,50400.0,50400.0,50400.0,0.0,50400.0
50400.0,50400.0,50400.0,50400.0,0.0,50400.0
59400.0,54000.0,54000.0,59400.0,0.0,59400.0
61920.0,57600.0,57600.0,58320.0,0.0,58320.0
55800.0,54000.0,55800.0,54000.0,0.0,54000.0
54000.0,54000.0,54000.0,54000.0,0.0,54000.0
50400.0,37800.0,37800.0,50400.0,0.0,50400.0
53280.0,48600.0,53280.0,48600.0,0.0,48600.0
52200.0,52200.0,52200.0,52200.0,0.0,52200.0
52200.0,52200.0,52200.0,52200.0,0.0,52200.0
52200.0,52200.0,52200.0,52200.0,0.0,52200.0
57600.0,41400.0,52200.0,50400.0,0.0,50400.0
50400.0,50400.0,50400.0,50400.0,0.0,50400.0
43200.0,43200.0,43200.0,43200.0,0.0,43200.0
46800.0,45000.0,45000.0,46800.0,0.0,46800.0
43200.0,43200.0,43200.0,43200.0,0.0,43200.0
43200.0,43200.0,43200.0,43200.0,0.0,43200.0
43200.0,43200.0,43200.0,43200.0,0.0,43200.0
43200.0,43200.0,43200.0,43200.0,0.0,43200.0
46800.0,46800.0,46800.0,46800.0,0.0,46800.0
46800.0,46800.0,46800.0,46800.0,0.0,46800.0
55800.0,46800.0,46800.0,46800.0,0.0,46800.0
46800.0,46800.0,46800.0,46800.0,0.0,46800.0
50400.0,46800.0,50400.0,46800.0,0.0,46800.0
46800.0,46800.0,46800.0,46800.0,0.0,46800.0
46800.0,46800.0,46800.0,46800.0,0.0,46800.0
46800.0,46800.0,46800.0,46800.0,0.0,46800.0
43200.0,43200.0,43200.0,43200.0,0.0,43200.0
58680.0,53280.0,53280.0,55800.0,0.0,55800.0
55800.0,55800.0,55800.0,55800.0,0.0,55800.0
55800.0,55800.0,55800.0,55800.0,0.0,55800.0
55800.0,55800.0,55800.0,55800.0,0.0,55800.0
55800.0,55800.0,55800.0,55800.0,0.0,55800.0
55800.0,52200.0,55440.0,55800.0,0.0,55800.0
54360.0,54360.0,54360.0,54360.0,0.0,54360.0
54360.0,54360.0,54360.0,54360.0,0.0,54360.0
63000.0,53640.0,53640.0,61200.0,0.0,61200.0
60480.0,59400.0,59400.0,60480.0,0.0,60480.0
59400.0,59400.0,59400.0,59400.0,0.0,59400.0
59400.0,59400.0,59400.0,59400.0,0.0,59400.0
54000.0,54000.0,54000.0,54000.0,0.0,54000.0
59400.0,59400.0,59400.0,59400.0,0.0,59400.0
59400.0,59400.0,59400.0,59400.0,0.0,59400.0
59400.0,47520.0,47520.0,59400.0,0.0,59400.0
59400.0,59400.0,59400.0,59400.0,0.0,59400.0
59400.0,59400.0,59400.0,59400.0,0.0,59400.0
54000.0,36000.0,52200.0,53280.0,0.0,53280.0
58680.0,39600.0,50400.0,50400.0,0.0,50400.0
46800.0,36000.0,46800.0,45000.0,0.0,45000.0
45000.0,45000.0,45000.0,45000.0,0.0,45000.0
48240.0,46800.0,46800.0,48240.0,0.0,48240.0
51480.0,51480.0,51480.0,51480.0,0.0,51480.0
52920.0,50400.0,51480.0,52200.0,0.0,52200.0
53640.0,52200.0,52200.0,53640.0,0.0,53640.0
57600.0,57600.0,57600.0,57600.0,0.0,57600.0
57600.0,57600.0,57600.0,57600.0,0.0,57600.0
57600.0,57600.0,57600.0,57600.0,0.0,57600.0
68400.0,48600.0,48600.0,68400.0,0.0,68400.0
68400.0,68400.0,68400.0,68400.0,0.0,68400.0
68400.0,68400.0,68400.0,68400.0,0.0,68400.0
68400.0,68400.0,68400.0,68400.0,0.0,68400.0
68400.0,68400.0,68400.0,68400.0,0.0,68400.0
57600.0,57600.0,57600.0,57600.0,0.0,57600.0
57600.0,57600.0,57600.0,57600.0,0.0,57600.0
54360.0,48600.0,54000.0,48600.0,0.0,48600.0
50400.0,50400.0,50400.0,50400.0,0.0,50400.0
64080.0,54000.0,54000.0,64080.0,0.0,64080.0
64080.0,64080.0,64080.0,64080.0,0.0,64080.0
57600.0,57600.0,57600.0,57600.0,0.0,57600.0
54000.0,54000.0,54000.0,54000.0,0.0,54000.0
54000.0,54000.0,54000.0,54000.0,0.0,54000.0
54000.0,54000.0,54000.0,54000.0,0.0,54000.0
54000.0,54000.0,54000.0,54000.0,0.0,54000.0
54000.0,52200.0,54000.0,52200.0,0.0,52200.0
48600.0,45000.0,48600.0,46080.0,0.0,46080.0
88200.0,46440.0,46440.0,74880.0,0.0,74880.0
90000.0,74880.0,74880.0,90000.0,0.0,90000.0
101340.0,90000.0,101340.0,90000.0,0.0,90000.0
90000.0,90000.0,90000.0,90000.0,0.0,90000.0
90000.0,90000.0,90000.0,90000.0,0.0,90000.0
90000.0,90000.0,90000.0,90000.0,0.0,90000.0
108000.0,99000.0,99000.0,104400.0,0.0,104400.0
108000.0,108000.0,108000.0,108000.0,0.0,108000.0
122400.0,108000.0,108000.0,122400.0,0.0,122400.0
122400.0,122400.0,122400.0,122400.0,0.0,122400.0
124200.0,108000.0,122400.0,124200.0,0.0,124200.0
122400.0,108000.0,122400.0,117000.0,0.0,117000.0
117000.0,117000.0,117000.0,117000.0,0.0,117000.0
108000.0,72000.0,108000.0,104400.0,0.0,104400.0
108000.0,99000.0,99000.0,107640.0,0.0,107640.0
90000.0,90000.0,90000.0,90000.0,0.0,90000.0
90000.0,90000.0,90000.0,90000.0,0.0,90000.0
99000.0,81000.0,81000.0,99000.0,0.0,99000.0
90000.0,72000.0,90000.0,72000.0,0.0,72000.0
72000.0,61200.0,61200.0,72000.0,0.0,72000.0
72000.0,61200.0,72000.0,66600.0,0.0,66600.0
72000.0,66600.0,66600.0,72000.0,0.0,72000.0
72000.0,68400.0,72000.0,72000.0,0.0,72000.0
72000.0,68400.0,68400.0,68400.0,0.0,68400.0
72000.0,72000.0,72000.0,72000.0,0.0,72000.0
78480.0,75240.0,75240.0,78480.0,0.0,78480.0
83520.0,82800.0,82800.0,83520.0,0.0,83520.0
86400.0,83880.0,86400.0,86400.0,0.0,86400.0
86400.0,86400.0,86400.0,86400.0,0.0,86400.0
95040.0,90000.0,90000.0,95040.0,0.0,95040.0
99000.0,96480.0,99000.0,96480.0,0.0,96480.0
100800.0,95400.0,96840.0,100800.0,0.0,100800.0
102600.0,100800.0,102600.0,100800.0,0.0,100800.0
108000.0,100800.0,100800.0,108000.0,0.0,108000.0
113400.0,99360.0,108000.0,108000.0,0.0,108000.0
104400.0,99000.0,104400.0,104400.0,0.0,104400.0
102600.0,102600.0,102600.0,102600.0,0.0,102600.0
108000.0,92160.0,108000.0,92160.0,0.0,92160.0
113400.0,99000.0,107640.0,108000.0,0.0,108000.0
110520.0,100800.0,100800.0,110520.0,0.0,110520.0
111600.0,108000.0,110520.0,109440.0,0.0,109440.0
111600.0,109440.0,111600.0,111240.0,0.0,111240.0
111240.0,90720.0,109440.0,90720.0,0.0,90720.0
109440.0,93600.0,93960.0,109440.0,0.0,109440.0
100800.0,88560.0,100800.0,90360.0,0.0,90360.0
91800.0,82800.0,91800.0,85320.0,0.0,85320.0
86400.0,81000.0,86400.0,81000.0,0.0,81000.0
109800.0,109800.0,109800.0,109800.0,0.0,109800.0
109800.0,109800.0,109800.0,109800.0,0.0,109800.0
107640.0,91800.0,91800.0,102600.0,0.0,102600.0
100800.0,90000.0,100800.0,90000.0,0.0,90000.0
108000.0,99000.0,106200.0,104400.0,0.0,104400.0
104400.0,104400.0,104400.0,104400.0,0.0,104400.0
100800.0,90000.0,91800.0,90000.0,0.0,90000.0
102600.0,99000.0,102600.0,101160.0,0.0,101160.0
91800.0,91800.0,91800.0,91800.0,0.0,91800.0
91800.0,91800.0,91800.0,91800.0,0.0,91800.0
108000.0,99000.0,101160.0,102600.0,0.0,102600.0
115200.0,99000.0,105480.0,115200.0,0.0,115200.0
115200.0,106200.0,106200.0,115200.0,0.0,115200.0
115200.0,81000.0,115200.0,96480.0,0.0,96480.0
103320.0,100800.0,103320.0,100800.0,0.0,100800.0
100800.0,100800.0,100800.0,100800.0,0.0,100800.0
104400.0,103320.0,103320.0,104400.0,0.0,104400.0
106200.0,104400.0,104400.0,104400.0,0.0,104400.0
107640.0,102960.0,102960.0,104400.0,0.0,104400.0
107640.0,103320.0,104400.0,104400.0,0.0,104400.0
115200.0,107640.0,107640.0,109800.0,0.0,109800.0
115200.0,108360.0,108360.0,115200.0,0.0,115200.0
115200.0,109800.0,109800.0,115200.0,0.0,115200.0
124200.0,109800.0,113400.0,124200.0,0.0,124200.0
140400.0,126000.0,126000.0,126000.0,0.0,126000.0
140400.0,107640.0,108360.0,140400.0,0.0,140400.0
138600.0,138600.0,138600.0,138600.0,0.0,138600.0
169200.0,140400.0,140400.0,168120.0,0.0,168120.0
221400.0,168840.0,168840.0,221400.0,0.0,221400.0
225000.0,172080.0,225000.0,201600.0,0.0,201600.0
324360.0,216000.0,234000.0,216000.0,0.0,216000.0
266400.0,216000.0,226800.0,234000.0,0.0,234000.0
232200.0,187200.0,207000.0,216000.0,0.0,216000.0
234000.0,225000.0,225000.0,234000.0,0.0,234000.0
266040.0,230040.0,234000.0,230040.0,0.0,230040.0
234000.0,216000.0,234000.0,216000.0,0.0,216000.0
221400.0,219600.0,219600.0,219600.0,0.0,219600.0
250200.0,234000.0,234000.0,234000.0,0.0,234000.0
219600.0,180360.0,219600.0,210600.0,0.0,210600.0
225000.0,203040.0,216000.0,212400.0,0.0,212400.0
221400.0,201600.0,221400.0,205200.0,0.0,205200.0
212400.0,212400.0,212400.0,212400.0,0.0,212400.0
216000.0,215640.0,215640.0,216000.0,0.0,216000.0
212400.0,194760.0,198000.0,198000.0,0.0,198000.0
198000.0,181800.0,198000.0,198000.0,0.0,198000.0
207000.0,194400.0,194400.0,207000.0,0.0,207000.0
230400.0,187560.0,212400.0,207000.0,0.0,207000.0
214200.0,162000.0,207000.0,162000.0,0.0,162000.0
165240.0,136800.0,162000.0,136800.0,0.0,136800.0
136800.0,136800.0,136800.0,136800.0,0.0,136800.0
108000.0,94500.0,108000.0,105840.0,0.0,105840.0
106200.0,99000.0,102060.0,106200.0,0.0,106200.0
107820.0,100260.0,107820.0,100278.0,0.0,100278.0
100980.0,97380.0,99072.0,99900.0,0.0,99900.0
100800.0,98460.0,99000.0,98460.0,0.0,98460.0
101700.0,94500.0,98280.0,101700.0,0.0,101700.0
103500.0,94680.0,103500.0,96300.0,0.0,96300.0
94680.0,94050.0,94500.0,94500.0,0.0,94500.0
96300.0,92700.0,93600.0,92700.0,0.0,92700.0
98442.0,90000.0,91800.0,98442.0,0.0,98442.0
100620.0,92880.0,100620.0,97740.0,0.0,97740.0
99000.0,93600.0,95400.0,94500.0,0.0,94500.0
98460.0,93420.0,93420.0,95400.0,0.0,95400.0
95580.0,94500.0,95400.0,95580.0,0.0,95580.0
95580.0,94500.0,95400.0,95400.0,0.0,95400.0
97920.0,95400.0,95400.0,97920.0,0.0,97920.0
95400.0,94500.0,95400.0,94500.0,0.0,94500.0
95004.0,91980.0,94680.0,92340.0,0.0,92340.0
93420.0,91980.0,92160.0,93420.0,0.0,93420.0
94500.0,87300.0,94500.0,87300.0,0.0,87300.0
84420.0,67500.0,82440.0,70200.0,0.0,70200.0
72900.0,63000.0,71640.0,72900.0,0.0,72900.0
85500.0,73800.0,78120.0,85500.0,0.0,85500.0
88254.0,82080.0,84240.0,84600.0,0.0,84600.0
84600.0,77760.0,84600.0,83700.0,0.0,83700.0
85140.0,77940.0,85140.0,77940.0,0.0,77940.0
84600.0,78300.0,84600.0,79020.0,0.0,79020.0
80100.0,71640.0,79200.0,78192.0,0.0,78192.0
80406.0,78300.0,78300.0,80406.0,0.0,80406.0
80640.0,77400.0,80640.0,77400.0,0.0,77400.0
78300.0,74160.0,78300.0,74880.0,0.0,74880.0
76860.0,68400.0,76860.0,72000.0,0.0,72000.0
70200.0,67140.0,67140.0,67680.0,0.0,67680.0
65610.0,63180.0,64818.0,64800.0,0.0,64800.0
64800.0,63180.0,63900.0,64800.0,0.0,64800.0
64800.0,63180.0,64800.0,64620.0,0.0,64620.0
64620.0,63000.0,64620.0,63540.0,0.0,63540.0
80820.0,63270.0,63540.0,80280.0,0.0,80280.0
85140.0,74718.0,85140.0,78660.0,0.0,78660.0
89640.0,75780.0,77400.0,86580.0,0.0,86580.0
98820.0,85302.0,89280.0,92700.0,0.0,92700.0
95220.0,86580.0,93600.0,94140.0,0.0,94140.0
98100.0,93960.0,96120.0,95400.0,0.0,95400.0
102420.0,95400.0,97992.0,102420.0,0.0,102420.0
103500.0,100800.0,103320.0,103140.0,0.0,103140.0
111780.0,96300.0,104400.0,103860.0,0.0,103860.0
109098.0,100800.0,109098.0,103320.0,0.0,103320.0
103140.0,99540.0,100800.0,102420.0,0.0,102420.0
102600.0,91620.0,102600.0,94860.0,0.0,94860.0
97020.0,67680.0,92700.0,67680.0,0.0,67680.0
76140.0,70560.0,75600.0,72900.0,0.0,72900.0
75240.0,72000.0,73782.0,73260.0,0.0,73260.0
76500.0,69480.0,72000.0,72540.0,0.0,72540.0
75960.0,71100.0,75582.0,71460.0,0.0,71460.0
71406.0,61920.0,69840.0,68760.0,0.0,68760.0
71820.0,68220.0,71820.0,69840.0,0.0,69840.0
69840.0,68220.0,69840.0,68400.0,0.0,68400.0
71280.0,68040.0,69480.0,68580.0,0.0,68580.0
69840.0,68220.0,69840.0,68220.0,0.0,68220.0
68220.0,67500.0,68040.0,68040.0,0.0,68040.0
67500.0,64620.0,67500.0,65700.0,0.0,65700.0
67320.0,64980.0,64980.0,66240.0,0.0,66240.0
67140.0,66240.0,66420.0,66600.0,0.0,66600.0
65160.0,63000.0,64980.0,64800.0,0.0,64800.0
68040.0,63000.0,64800.0,66240.0,0.0,66240.0
71820.0,66780.0,70200.0,68940.0,0.0,68940.0
73260.0,66600.0,71100.0,70380.0,0.0,70380.0
72180.0,67860.0,69660.0,71460.0,0.0,71460.0
71100.0,63000.0,69480.0,69300.0,0.0,69300.0
69408.0,67500.0,69300.0,69300.0,0.0,69300.0
71100.0,63540.0,71100.0,69840.0,0.0,69840.0
70020.0,65700.0,65700.0,69300.0,0.0,69300.0
77220.0,70380.0,71100.0,71640.0,0.0,71640.0
74700.0,70740.0,72000.0,72576.0,0.0,72576.0
73260.0,67680.0,73260.0,69768.0,0.0,69768.0
72000.0,67500.0,70452.0,70200.0,0.0,70200.0
72900.0,69840.0,70200.0,71460.0,0.0,71460.0
72360.0,68400.0,72000.0,68760.0,0.0,68760.0
71460.0,68400.0,71460.0,68400.0,0.0,68400.0
71460.0,67500.0,70920.0,70920.0,0.0,70920.0
74790.0,69660.0,71100.0,70380.0,0.0,70380.0
71820.0,67320.0,71820.0,67860.0,0.0,67860.0
70020.0,66600.0,69840.0,66600.0,0.0,66600.0
71280.0,65340.0,69120.0,69120.0,0.0,69120.0
74700.0,69480.0,74700.0,71100.0,0.0,71100.0
71820.0,70560.0,70920.0,71820.0,0.0,71820.0
74700.0,69480.0,70200.0,70020.0,0.0,70020.0
74880.0,69840.0,73710.0,73548.0,0.0,73548.0
72360.0,70200.0,70380.0,71280.0,0.0,71280.0
80100.0,69480.0,70020.0,73080.0,0.0,73080.0
74520.0,72180.0,73260.0,73800.0,0.0,73800.0
72900.0,69480.0,71460.0,69660.0,0.0,69660.0
72000.0,66438.0,72000.0,66600.0,0.0,66600.0
68580.0,66600.0,66600.0,66780.0,0.0,66780.0
70020.0,63540.0,68400.0,65340.0,0.0,65340.0
67860.0,65700.0,65772.0,65700.0,0.0,65700.0
66600.0,65700.0,66600.0,65700.0,0.0,65700.0
66420.0,64800.0,65016.0,66420.0,0.0,66420.0
67500.0,64980.0,67500.0,66960.0,0.0,66960.0
68040.0,60480.0,68040.0,60660.0,0.0,60660.0
64080.0,59400.0,61380.0,61740.0,0.0,61740.0
64620.0,56160.0,62280.0,56160.0,0.0,56160.0
60840.0,55620.0,57060.0,55980.0,0.0,55980.0
56700.0,55260.0,55440.0,56286.0,0.0,56286.0
55962.0,50400.0,54000.0,53460.0,0.0,53460.0
53298.0,49680.0,51480.0,53100.0,0.0,53100.0
52920.0,49500.0,52416.0,52020.0,0.0,52020.0
52200.0,50400.0,51300.0,52200.0,0.0,52200.0
51408.0,50580.0,51408.0,50580.0,0.0,50580.0
57600.0,50400.0,50400.0,55800.0,0.0,55800.0
67500.0,59400.0,67500.0,63540.0,0.0,63540.0
72342.0,63936.0,67500.0,68940.0,0.0,68940.0
75600.0,68760.0,69840.0,75060.0,0.0,75060.0
75510.0,72000.0,75420.0,74880.0,0.0,74880.0
75240.0,72360.0,72486.0,75240.0,0.0,75240.0
74520.0,69660.0,73080.0,72900.0,0.0,72900.0
74880.0,69840.0,74880.0,70380.0,0.0,70380.0
72900.0,69480.0,72900.0,72000.0,0.0,72000.0
72000.0,69840.0,72000.0,70200.0,0.0,70200.0
73800.0,69840.0,71280.0,73620.0,0.0,73620.0
73620.0,70380.0,70380.0,72000.0,0.0,72000.0
72000.0,68040.0,72000.0,71820.0,0.0,71820.0
71820.0,68400.0,71100.0,71460.0,0.0,71460.0
70560.0,61200.0,70560.0,61920.0,0.0,61920.0
61200.0,58500.0,58500.0,60642.0,0.0,60642.0
60660.0,58500.0,60642.0,59760.0,0.0,59760.0
60840.0,56340.0,60480.0,56700.0,0.0,56700.0
58320.0,55800.0,55800.0,55800.0,0.0,55800.0
57438.0,54000.0,55890.0,55980.0,0.0,55980.0
58032.0,54000.0,55260.0,56160.0,0.0,56160.0
57780.0,54180.0,57780.0,57600.0,0.0,57600.0
57780.0,53280.0,57420.0,54000.0,0.0,54000.0
61020.0,53640.0,54900.0,57060.0,0.0,57060.0
56880.0,54180.0,55800.0,54180.0,0.0,54180.0
57402.0,53280.0,57402.0,54000.0,0.0,54000.0
52560.0,50760.0,52380.0,51696.0,0.0,51696.0
54000.0,50760.0,54000.0,53442.0,0.0,53442.0
51300.0,47340.0,50940.0,48600.0,0.0,48600.0
49734.0,46620.0,49734.0,47160.0,0.0,47160.0
48240.0,38160.0,48240.0,42300.0,0.0,42300.0
46242.0,42840.0,43200.0,44820.0,0.0,44820.0
48240.0,40680.0,46260.0,42120.0,0.0,42120.0
44640.0,41040.0,41040.0,41400.0,0.0,41400.0
42840.0,36000.0,41400.0,36900.0,0.0,36900.0
38160.0,36900.0,36900.0,37980.0,0.0,37980.0
40680.0,38502.0,38502.0,38700.0,0.0,38700.0
42300.0,38700.0,40860.0,41940.0,0.0,41940.0
47520.0,42660.0,42660.0,44280.0,0.0,44280.0
45000.0,41400.0,45000.0,45000.0,0.0,45000.0
45900.0,42480.0,45900.0,44100.0,0.0,44100.0
45702.0,39780.0,45702.0,41760.0,0.0,41760.0
44100.0,39420.0,44100.0,41400.0,0.0,41400.0
41400.0,22500.0,39600.0,25740.0,0.0,25740.0
27540.0,21960.0,27540.0,23580.0,0.0,23580.0
23940.0,21780.0,23940.0,23400.0,0.0,23400.0
23220.0,22500.0,23220.0,22860.0,0.0,22860.0
22860.0,21600.0,22860.0,22500.0,0.0,22500.0
23040.0,21240.0,21780.0,22500.0,0.0,22500.0
24300.0,21420.0,23040.0,22824.0,0.0,22824.0
23220.0,21960.0,23220.0,21960.0,0.0,21960.0
22932.0,21798.0,22932.0,22320.0,0.0,22320.0
22860.0,21240.0,22860.0,22320.0,0.0,22320.0
23220.0,21780.0,23040.0,21780.0,0.0,21780.0
22860.0,21780.0,22860.0,22014.0,0.0,22014.0
22860.0,21240.0,22860.0,21780.0,0.0,21780.0
22500.0,20160.0,22500.0,20880.0,0.0,20880.0
22320.0,20880.0,21042.0,21960.0,0.0,21960.0
22680.0,21312.0,22500.0,21600.0,0.0,21600.0
22320.0,20880.0,21780.0,20880.0,0.0,20880.0
22500.0,18000.0,21600.0,18540.0,0.0,18540.0
21582.0,18720.0,19800.0,19800.0,0.0,19800.0
19980.0,18900.0,19980.0,19800.0,0.0,19800.0
19980.0,18180.0,19980.0,19080.0,0.0,19080.0
19422.0,18180.0,18540.0,18360.0,0.0,18360.0
20160.0,18180.0,18540.0,19260.0,0.0,19260.0
21060.0,18900.0,19800.0,19440.0,0.0,19440.0
20700.0,18900.0,20700.0,18900.0,0.0,18900.0
19260.0,18180.0,19260.0,18900.0,0.0,18900.0
20700.0,17640.0,20700.0,18540.0,0.0,18540.0
20700.0,18432.0,18540.0,20520.0,0.0,20520.0
26460.0,20700.0,21240.0,23940.0,0.0,23940.0
42660.0,23940.0,24120.0,38160.0,100.0,38160.0
47340.0,34200.0,38340.0,38160.0,100.0,38160.0
37620.0,34380.0,37260.0,36720.0,0.0,36720.0
37080.0,31320.0,37080.0,36720.0,0.0,36720.0
35280.0,32040.0,35280.0,33120.0,0.0,33120.0
35640.0,30780.0,32040.0,35640.0,0.0,35640.0
39600.0,31680.0,35460.0,36360.0,0.0,36360.0
38520.0,34704.0,36360.0,38520.0,0.0,38520.0
38700.0,35640.0,38160.0,37260.0,0.0,37260.0
41400.0,35910.0,38520.0,36900.0,0.0,36900.0
38160.0,36216.0,37080.0,36360.0,0.0,36360.0
36558.0,32760.0,36000.0,33480.0,0.0,33480.0
34020.0,31500.0,33642.0,32400.0,0.0,32400.0
34200.0,31860.0,31860.0,33120.0,0.0,33120.0
34740.0,33120.0,33120.0,33120.0,0.0,33120.0
34200.0,33300.0,33444.0,33660.0,0.0,33660.0
35100.0,33120.0,35100.0,33660.0,0.0,33660.0
33660.0,30420.0,33660.0,30780.0,0.0,30780.0
30942.0,25380.0,30780.0,25560.0,0.0,25560.0
30060.0,26100.0,26154.0,28800.0,0.0,28800.0
28620.0,27090.0,28080.0,27360.0,0.0,27360.0
28080.0,25380.0,27360.0,25560.0,0.0,25560.0
28800.0,25380.0,27360.0,27000.0,0.0,27000.0
27216.0,26280.0,27216.0,26820.0,0.0,26820.0
26694.0,23580.0,26280.0,26280.0,0.0,26280.0
27180.0,24840.0,26460.0,25200.0,0.0,25200.0
25560.0,23184.0,25380.0,23760.0,0.0,23760.0
25020.0,22734.0,23760.0,22734.0,0.0,22734.0
24300.0,22176.0,22500.0,23940.0,0.0,23940.0
28080.0,24300.0,25740.0,28080.0,0.0,28080.0
32400.0,27180.0,31320.0,28080.0,0.0,28080.0
30240.0,26820.0,30240.0,28080.0,0.0,28080.0
30240.0,26100.0,28080.0,27000.0,0.0,27000.0
29520.0,26100.0,28530.0,26226.0,0.0,26226.0
26820.0,24300.0,26334.0,24660.0,0.0,24660.0
27900.0,24840.0,24840.0,27900.0,0.0,27900.0
31860.0,26820.0,26820.0,27360.0,0.0,27360.0
29700.0,28440.0,29520.0,28440.0,0.0,28440.0
29520.0,28800.0,28800.0,28800.0,0.0,28800.0
30240.0,28980.0,28980.0,29520.0,0.0,29520.0
29340.0,26100.0,28764.0,27000.0,0.0,27000.0
27000.0,23580.0,27000.0,24480.0,0.0,24480.0
26460.0,24480.0,26460.0,25308.0,0.0,25308.0
28440.0,24840.0,26100.0,24840.0,0.0,24840.0
28980.0,24300.0,28980.0,24480.0,0.0,24480.0
25794.0,23940.0,25794.0,25020.0,0.0,25020.0
28980.0,23940.0,28980.0,25020.0,0.0,25020.0
27360.0,23400.0,27360.0,23400.0,0.0,23400.0
25920.0,22500.0,22860.0,24120.0,0.0,24120.0
24480.0,22500.0,24480.0,23040.0,0.0,23040.0
22860.0,22320.0,22824.0,22500.0,0.0,22500.0
22860.0,19440.0,22860.0,21600.0,0.0,21600.0
23220.0,20340.0,22860.0,21600.0,0.0,21600.0
21600.0,20880.0,21600.0,21420.0,0.0,21420.0
28440.0,19980.0,21420.0,25380.0,0.0,25380.0
24300.0,21600.0,23040.0,21600.0,0.0,21600.0
22500.0,19980.0,22320.0,22140.0,0.0,22140.0
22680.0,21060.0,22500.0,22680.0,0.0,22680.0
22356.0,20160.0,21078.0,21600.0,0.0,21600.0
22500.0,20664.0,20700.0,21240.0,0.0,21240.0
21690.0,19260.0,21690.0,20520.0,0.0,20520.0
21456.0,19440.0,21456.0,20160.0,0.0,20160.0
21420.0,19800.0,19800.0,20520.0,0.0,20520.0
21240.0,19800.0,21240.0,19980.0,0.0,19980.0
21420.0,19080.0,19080.0,20700.0,0.0,20700.0
22140.0,20700.0,21240.0,21600.0,0.0,21600.0
22320.0,21060.0,22320.0,21780.0,0.0,21780.0
42300.0,25200.0,28260.0,33300.0,600.0,33300.0
33300.0,28080.0,32400.0,29520.0,100.0,29520.0
30420.0,27360.0,29700.0,27900.0,0.0,27900.0
28980.0,26460.0,28440.0,27360.0,0.0,27360.0
42840.0,27360.0,27720.0,42660.0,200.0,42660.0
46980.0,37260.0,42660.0,41400.0,100.0,41400.0
43560.0,38700.0,42660.0,41220.0,0.0,41220.0
50040.0,39600.0,40500.0,41400.0,0.0,41400.0
45000.0,39600.0,39960.0,41760.0,0.0,41760.0
43740.0,39780.0,41760.0,41220.0,0.0,41220.0
41382.0,37440.0,41220.0,38448.0,0.0,38448.0
37980.0,35640.0,37980.0,37620.0,0.0,37620.0
55260.0,40500.0,42840.0,42120.0,300.0,42120.0
44100.0,39960.0,41580.0,40500.0,0.0,40500.0
41760.0,38700.0,40500.0,39960.0,0.0,39960.0
41760.0,38880.0,39780.0,39600.0,0.0,39600.0
40680.0,37440.0,39780.0,37620.0,0.0,37620.0
43560.0,37440.0,39780.0,42120.0,0.0,42120.0
41580.0,38700.0,41400.0,40140.0,0.0,40140.0
40680.0,38700.0,39960.0,39060.0,0.0,39060.0
39960.0,36180.0,39960.0,36720.0,0.0,36720.0
39240.0,35640.0,36900.0,38340.0,0.0,38340.0
39960.0,37800.0,38340.0,39060.0,0.0,39060.0
36810.0,30240.0,36000.0,33480.0,0.0,33480.0
34740.0,31140.0,33660.0,33840.0,0.0,33840.0
34380.0,33300.0,34020.0,34380.0,0.0,34380.0
36900.0,34740.0,34740.0,36540.0,0.0,36540.0
37440.0,36180.0,36540.0,36900.0,0.0,36900.0
36540.0,33660.0,36540.0,33930.0,0.0,33930.0
37620.0,34200.0,37080.0,34740.0,0.0,34740.0
35820.0,33660.0,34740.0,34920.0,0.0,34920.0
35100.0,31500.0,35100.0,33030.0,0.0,33030.0
34920.0,33300.0,33840.0,34200.0,0.0,34200.0
37440.0,33840.0,34560.0,35460.0,0.0,35460.0
36702.0,32940.0,35640.0,34020.0,0.0,34020.0
34740.0,32760.0,33660.0,33660.0,0.0,33660.0
33480.0,32220.0,33480.0,32760.0,0.0,32760.0
32400.0,31320.0,32400.0,31500.0,0.0,31500.0
34560.0,31500.0,31680.0,32760.0,0.0,32760.0
34002.0,31860.0,32940.0,33300.0,0.0,33300.0
33480.0,31680.0,33300.0,31680.0,0.0,31680.0
32580.0,30600.0,31500.0,31320.0,0.0,31320.0
32040.0,30600.0,31500.0,31320.0,0.0,31320.0
31950.0,30600.0,31176.0,31680.0,0.0,31680.0
32220.0,31500.0,31860.0,31680.0,0.0,31680.0
37800.0,30780.0,31680.0,34020.0,0.0,34020.0
33840.0,32040.0,32580.0,32760.0,0.0,32760.0
35820.0,31680.0,35820.0,31680.0,0.0,31680.0
37260.0,30600.0,31140.0,32040.0,0.0,32040.0
35460.0,31320.0,31320.0,32760.0,0.0,32760.0
34740.0,30960.0,32580.0,31320.0,0.0,31320.0
33300.0,31338.0,31680.0,31860.0,0.0,31860.0
32760.0,30780.0,31680.0,31140.0,0.0,31140.0
32220.0,30780.0,30780.0,31140.0,0.0,31140.0
32580.0,30780.0,31320.0,30780.0,0.0,30780.0
31860.0,30060.0,30780.0,30060.0,0.0,30060.0
30600.0,29520.0,30600.0,29700.0,0.0,29700.0
30960.0,27000.0,29700.0,30600.0,0.0,30600.0
30780.0,27900.0,30780.0,28080.0,0.0,28080.0
29448.0,27720.0,29448.0,27900.0,0.0,27900.0
30420.0,27540.0,28800.0,27900.0,0.0,27900.0
29340.0,28080.0,28080.0,28080.0,0.0,28080.0
30600.0,28260.0,28620.0,29160.0,0.0,29160.0
29880.0,28980.0,29880.0,29340.0,0.0,29340.0
29700.0,28080.0,28620.0,28080.0,0.0,28080.0
29340.0,28440.0,28440.0,29160.0,0.0,29160.0
29700.0,28440.0,29160.0,29700.0,0.0,29700.0
33840.0,29340.0,29340.0,32940.0,0.0,32940.0
34560.0,32724.0,33300.0,33660.0,0.0,33660.0
35280.0,30420.0,34920.0,35280.0,0.0,35280.0
36360.0,34020.0,35640.0,35748.0,0.0,35748.0
36000.0,33660.0,35100.0,33840.0,0.0,33840.0
35640.0,32760.0,34200.0,33480.0,0.0,33480.0
35802.0,32760.0,33660.0,33480.0,0.0,33480.0
34002.0,32040.0,33660.0,34002.0,0.0,34002.0
34200.0,31500.0,33120.0,32580.0,0.0,32580.0
33300.0,32040.0,32760.0,32400.0,0.0,32400.0
32940.0,30600.0,32940.0,30960.0,0.0,30960.0
31410.0,30600.0,31320.0,30600.0,0.0,30600.0
31680.0,30240.0,30960.0,30240.0,0.0,30240.0
32292.0,30420.0,30420.0,31248.0,0.0,31248.0
31860.0,30240.0,30960.0,30960.0,0.0,30960.0
30960.0,29520.0,30960.0,29880.0,0.0,29880.0
31500.0,29880.0,30240.0,31500.0,0.0,31500.0
31500.0,30600.0,31500.0,31500.0,0.0,31500.0
31860.0,27900.0,31860.0,29160.0,0.0,29160.0
31320.0,28278.0,28800.0,30600.0,0.0,30600.0
30240.0,27900.0,28980.0,29700.0,0.0,29700.0
29700.0,26280.0,28116.0,27720.0,0.0,27720.0
26820.0,23760.0,25956.0,26100.0,0.0,26100.0
28440.0,23580.0,25740.0,28440.0,0.0,28440.0
28440.0,25740.0,28440.0,25920.0,0.0,25920.0
27540.0,25560.0,25866.0,26460.0,0.0,26460.0
27900.0,27000.0,27000.0,27540.0,0.0,27540.0
27900.0,25380.0,27360.0,25560.0,0.0,25560.0
26100.0,23040.0,25560.0,24660.0,0.0,24660.0
25020.0,22680.0,24228.0,24120.0,0.0,24120.0
24516.0,20340.0,23760.0,21240.0,0.0,21240.0
25200.0,20700.0,24300.0,25200.0,0.0,25200.0
28260.0,22680.0,27000.0,26730.0,0.0,26730.0
28080.0,26100.0,26100.0,27720.0,0.0,27720.0
29520.0,27720.0,28260.0,27900.0,0.0,27900.0
30240.0,28440.0,28440.0,29070.0,0.0,29070.0
29520.0,27180.0,29520.0,27540.0,0.0,27540.0
29160.0,27000.0,29160.0,27360.0,0.0,27360.0
28620.0,27360.0,28440.0,27900.0,0.0,27900.0
27540.0,26460.0,27540.0,27360.0,0.0,27360.0
28620.0,25560.0,28620.0,27180.0,0.0,27180.0
28620.0,26460.0,28260.0,28440.0,0.0,28440.0
29160.0,28260.0,29160.0,28440.0,0.0,28440.0
29700.0,27000.0,27900.0,28980.0,0.0,28980.0
28980.0,27180.0,28800.0,28800.0,0.0,28800.0
30060.0,27180.0,27234.0,30060.0,0.0,30060.0
30600.0,29772.0,30060.0,30600.0,0.0,30600.0
33840.0,29340.0,29340.0,33840.0,0.0,33840.0
35280.0,30420.0,30420.0,30960.0,0.0,30960.0
31500.0,28980.0,28980.0,29700.0,0.0,29700.0
31140.0,29340.0,29340.0,29340.0,0.0,29340.0
32400.0,30060.0,32400.0,30960.0,0.0,30960.0
30510.0,28800.0,30510.0,28800.0,0.0,28800.0
23400.0,18000.0,23400.0,19440.0,0.0,19440.0
19980.0,17820.0,19980.0,18540.0,0.0,18540.0
18900.0,18000.0,18900.0,18000.0,0.0,18000.0
18900.0,18000.0,18000.0,18180.0,0.0,18180.0
19440.0,18000.0,18540.0,18000.0,0.0,18000.0
18180.0,18000.0,18000.0,18000.0,0.0,18000.0
19620.0,18000.0,19620.0,18000.0,0.0,18000.0
23400.0,18540.0,23400.0,19080.0,100.0,19080.0
20880.0,18180.0,20340.0,18540.0,0.0,18540.0
19440.0,18360.0,18540.0,19260.0,0.0,19260.0
19260.0,18360.0,19260.0,18540.0,0.0,18540.0
18900.0,18360.0,18540.0,18900.0,0.0,18900.0
19260.0,18180.0,19080.0,18540.0,0.0,18540.0
18540.0,17640.0,18360.0,18000.0,0.0,18000.0
18540.0,17640.0,18000.0,18360.0,0.0,18360.0
18540.0,17640.0,18180.0,18540.0,0.0,18540.0
18540.0,17640.0,18180.0,17730.0,0.0,17730.0
18000.0,17280.0,18000.0,17280.0,0.0,17280.0
17820.0,16740.0,17640.0,16740.0,0.0,16740.0
17640.0,16740.0,17640.0,16740.0,0.0,16740.0
17442.0,16740.0,17280.0,16794.0,0.0,16794.0
16812.0,16560.0,16740.0,16740.0,0.0,16740.0
17100.0,15732.0,16920.0,16380.0,0.0,16380.0
17100.0,16020.0,16380.0,16650.0,0.0,16650.0
17100.0,16200.0,16740.0,16812.0,0.0,16812.0
17280.0,16200.0,17082.0,16200.0,0.0,16200.0
16740.0,16380.0,16380.0,16740.0,0.0,16740.0
17640.0,16740.0,16740.0,16920.0,0.0,16920.0
18000.0,17100.0,17208.0,17100.0,0.0,17100.0
17460.0,14760.0,17460.0,15120.0,0.0,15120.0
15660.0,13680.0,15660.0,14760.0,0.0,14760.0
16506.0,13860.0,16506.0,14346.0,0.0,14346.0
15660.0,12798.0,15660.0,12798.0,0.0,12798.0
13860.0,11520.0,12978.0,12600.0,0.0,12600.0
12600.0,11196.0,12600.0,11700.0,0.0,11700.0
12780.0,12060.0,12492.0,12510.0,0.0,12510.0
12654.0,11880.0,12564.0,12060.0,0.0,12060.0
12240.0,11700.0,11880.0,12240.0,0.0,12240.0
12384.0,11520.0,11880.0,11556.0,0.0,11556.0
12438.0,11034.0,12060.0,11196.0,0.0,11196.0
11340.0,10260.0,10800.0,10620.0,0.0,10620.0
12060.0,10800.0,10800.0,10980.0,0.0,10980.0
13500.0,10098.0,12600.0,10800.0,0.0,10800.0
11880.0,10620.0,11880.0,10800.0,0.0,10800.0
13410.0,12240.0,12960.0,13410.0,0.0,13410.0
15840.0,13500.0,13824.0,15390.0,0.0,15390.0
15660.0,13860.0,15660.0,14616.0,0.0,14616.0
15120.0,12240.0,15120.0,13500.0,0.0,13500.0
14040.0,12780.0,14040.0,13536.0,0.0,13536.0
13320.0,12600.0,13320.0,12600.0,0.0,12600.0
12618.0,11520.0,12600.0,11520.0,0.0,11520.0
11880.0,10260.0,11520.0,11880.0,0.0,11880.0
11880.0,10836.0,11340.0,11016.0,0.0,11016.0
11808.0,10278.0,11520.0,11520.0,0.0,11520.0
11520.0,10980.0,11160.0,10980.0,0.0,10980.0
11880.0,10656.0,11160.0,11520.0,0.0,11520.0
11520.0,10620.0,11340.0,10800.0,0.0,10800.0
11340.0,10620.0,11340.0,10800.0,0.0,10800.0
11160.0,10620.0,11160.0,10620.0,0.0,10620.0
10800.0,10170.0,10620.0,10800.0,0.0,10800.0
10674.0,10170.0,10170.0,10440.0,0.0,10440.0
10674.0,9720.0,10656.0,9918.0,0.0,9918.0
10620.0,9900.0,10080.0,10458.0,0.0,10458.0
10458.0,9900.0,10458.0,10260.0,0.0,10260.0
11160.0,10080.0,10080.0,10368.0,0.0,10368.0
10800.0,10080.0,10620.0,10620.0,0.0,10620.0
10800.0,10080.0,10080.0,10170.0,0.0,10170.0
10800.0,10260.0,10458.0,10260.0,0.0,10260.0
10800.0,10260.0,10260.0,10638.0,0.0,10638.0
10980.0,10368.0,10764.0,10944.0,0.0,10944.0
12420.0,10800.0,10818.0,11340.0,0.0,11340.0
12060.0,11142.0,11574.0,11520.0,0.0,11520.0
12222.0,11250.0,12222.0,11250.0,0.0,11250.0
12420.0,11250.0,11574.0,11790.0,0.0,11790.0
12420.0,11376.0,12420.0,11376.0,0.0,11376.0
11340.0,10080.0,11160.0,10926.0,0.0,10926.0
10926.0,10260.0,10926.0,10800.0,0.0,10800.0
10980.0,10260.0,10260.0,10800.0,0.0,10800.0
11880.0,9846.0,10440.0,10044.0,0.0,10044.0
10800.0,8442.0,9414.0,9450.0,0.0,9450.0
9828.0,8820.0,9360.0,9540.0,0.0,9540.0
10980.0,9360.0,10476.0,9900.0,0.0,9900.0
10620.0,9630.0,9900.0,10008.0,0.0,10008.0
10440.0,9180.0,9774.0,9432.0,0.0,9432.0
9900.0,8640.0,9360.0,9540.0,0.0,9540.0
9702.0,8910.0,9144.0,9486.0,0.0,9486.0
10242.0,8712.0,9360.0,9360.0,0.0,9360.0
9720.0,9360.0,9450.0,9378.0,0.0,9378.0
9702.0,9360.0,9360.0,9360.0,0.0,9360.0
10620.0,9360.0,9360.0,9864.0,0.0,9864.0
10584.0,9900.0,10242.0,9900.0,0.0,9900.0
9720.0,9360.0,9720.0,9360.0,0.0,9360.0
9900.0,9360.0,9360.0,9360.0,0.0,9360.0
9900.0,9270.0,9360.0,9360.0,0.0,9360.0
9720.0,9360.0,9360.0,9360.0,0.0,9360.0
9720.0,9360.0,9360.0,9540.0,0.0,9540.0
9720.0,9180.0,9360.0,9180.0,0.0,9180.0
9720.0,8820.0,9000.0,9180.0,0.0,9180.0
9720.0,9360.0,9360.0,9540.0,0.0,9540.0
9630.0,9000.0,9540.0,9270.0,0.0,9270.0
9630.0,9180.0,9630.0,9396.0,0.0,9396.0
9720.0,9000.0,9000.0,9720.0,0.0,9720.0
9720.0,9180.0,9180.0,9720.0,0.0,9720.0
9720.0,9180.0,9180.0,9360.0,0.0,9360.0
9972.0,9180.0,9720.0,9360.0,0.0,9360.0
9900.0,9180.0,9180.0,9900.0,0.0,9900.0
10404.0,9612.0,10080.0,9900.0,0.0,9900.0
9900.0,9180.0,9720.0,9900.0,0.0,9900.0
10800.0,9360.0,10800.0,9900.0,0.0,9900.0
11358.0,9396.0,9396.0,10800.0,0.0,10800.0
11520.0,9720.0,10800.0,10800.0,0.0,10800.0
12240.0,10800.0,12240.0,10980.0,0.0,10980.0
11520.0,10080.0,11196.0,10800.0,0.0,10800.0
12060.0,10800.0,10980.0,11160.0,0.0,11160.0
12060.0,10260.0,11160.0,11520.0,0.0,11520.0
12960.0,10008.0,11520.0,10710.0,0.0,10710.0
11700.0,9720.0,11160.0,10620.0,0.0,10620.0
11700.0,9900.0,9900.0,11160.0,0.0,11160.0
12348.0,10080.0,11160.0,10620.0,0.0,10620.0
11520.0,10386.0,10620.0,10440.0,0.0,10440.0
11268.0,10116.0,10260.0,10116.0,0.0,10116.0
10800.0,10044.0,10116.0,10044.0,0.0,10044.0
11700.0,9378.0,10116.0,10260.0,0.0,10260.0
11340.0,10116.0,11340.0,10800.0,0.0,10800.0
11340.0,10080.0,11340.0,10800.0,0.0,10800.0
11520.0,10620.0,10980.0,11160.0,0.0,11160.0
11340.0,10620.0,11160.0,10800.0,0.0,10800.0
11520.0,10440.0,10872.0,11520.0,0.0,11520.0
11700.0,10800.0,11700.0,10800.0,0.0,10800.0
11520.0,10980.0,11520.0,10980.0,0.0,10980.0
11430.0,10440.0,10440.0,11160.0,0.0,11160.0
11160.0,10440.0,10440.0,10944.0,0.0,10944.0
10800.0,10710.0,10800.0,10710.0,0.0,10710.0
10800.0,10440.0,10764.0,10800.0,0.0,10800.0
11160.0,10440.0,11160.0,10800.0,0.0,10800.0
10800.0,10656.0,10800.0,10692.0,0.0,10692.0
10800.0,10440.0,10692.0,10692.0,0.0,10692.0
10800.0,10440.0,10800.0,10440.0,0.0,10440.0
10800.0,9900.0,10440.0,10620.0,0.0,10620.0
10440.0,10026.0,10440.0,10080.0,0.0,10080.0
10260.0,9900.0,10080.0,9900.0,0.0,9900.0
10260.0,9180.0,10260.0,9720.0,0.0,9720.0
9540.0,8838.0,9180.0,9540.0,0.0,9540.0
9702.0,9000.0,9540.0,9540.0,0.0,9540.0
9540.0,9000.0,9360.0,9360.0,0.0,9360.0
9540.0,9000.0,9540.0,9450.0,0.0,9450.0
9540.0,9000.0,9198.0,9000.0,0.0,9000.0
9450.0,9000.0,9450.0,9000.0,0.0,9000.0
9360.0,8910.0,9000.0,9180.0,0.0,9180.0
9360.0,8802.0,9360.0,9180.0,0.0,9180.0
9180.0,8910.0,8910.0,8910.0,0.0,8910.0
8856.0,7560.0,8856.0,7740.0,0.0,7740.0
8100.0,7290.0,7740.0,7380.0,0.0,7380.0
7380.0,5166.0,5166.0,7020.0,0.0,7020.0
7020.0,6660.0,7020.0,6804.0,0.0,6804.0
7020.0,6660.0,6768.0,7020.0,0.0,7020.0
7200.0,6660.0,6660.0,7200.0,0.0,7200.0
7920.0,6660.0,7416.0,7020.0,0.0,7020.0
7920.0,6930.0,7236.0,7020.0,0.0,7020.0
7200.0,5688.0,6480.0,6660.0,0.0,6660.0
6858.0,5760.0,6858.0,5868.0,0.0,5868.0
5580.0,4860.0,5220.0,5580.0,0.0,5580.0
7560.0,5580.0,5580.0,7020.0,0.0,7020.0
8640.0,7020.0,7200.0,8514.0,0.0,8514.0
8712.0,7200.0,8712.0,7524.0,0.0,7524.0
8064.0,7200.0,7542.0,7866.0,0.0,7866.0
7560.0,6678.0,7092.0,7560.0,0.0,7560.0
7560.0,7020.0,7560.0,7380.0,0.0,7380.0
8064.0,7164.0,7164.0,7740.0,0.0,7740.0
7740.0,7038.0,7740.0,7560.0,0.0,7560.0
8604.0,7200.0,7200.0,8370.0,0.0,8370.0
8460.0,8100.0,8280.0,8460.0,0.0,8460.0
8460.0,8190.0,8460.0,8190.0,0.0,8190.0
8460.0,7578.0,8190.0,8046.0,0.0,8046.0
10620.0,7200.0,8280.0,9054.0,0.0,9054.0
10620.0,9000.0,9216.0,9720.0,0.0,9720.0
10440.0,9198.0,10440.0,9216.0,0.0,9216.0
9720.0,8640.0,9450.0,9540.0,0.0,9540.0
9540.0,8640.0,9000.0,9360.0,0.0,9360.0
9540.0,8640.0,9396.0,8640.0,0.0,8640.0
9000.0,8694.0,9000.0,9000.0,0.0,9000.0
10620.0,9000.0,9000.0,9540.0,0.0,9540.0
10350.0,9540.0,10350.0,9900.0,0.0,9900.0
10620.0,9900.0,10620.0,10080.0,0.0,10080.0
10638.0,9540.0,10440.0,10260.0,0.0,10260.0
10260.0,9900.0,10260.0,9900.0,0.0,9900.0
10620.0,9360.0,10422.0,9540.0,0.0,9540.0
10080.0,9000.0,10080.0,9198.0,0.0,9198.0
9882.0,8640.0,8640.0,9270.0,0.0,9270.0
10080.0,8442.0,8640.0,8820.0,0.0,8820.0
10170.0,8820.0,9000.0,9198.0,0.0,9198.0
10080.0,9198.0,10080.0,9540.0,0.0,9540.0
10080.0,9306.0,10080.0,9468.0,0.0,9468.0
10062.0,9288.0,10062.0,9720.0,0.0,9720.0
9900.0,7740.0,9900.0,8100.0,0.0,8100.0
9882.0,8352.0,8352.0,9000.0,0.0,9000.0
9000.0,8640.0,8838.0,8820.0,0.0,8820.0
9864.0,8460.0,8550.0,9180.0,0.0,9180.0
9900.0,9180.0,9180.0,9378.0,0.0,9378.0
9360.0,8100.0,9360.0,9342.0,0.0,9342.0
9522.0,8640.0,9072.0,8748.0,0.0,8748.0
9342.0,8100.0,8100.0,9342.0,0.0,9342.0
9342.0,8460.0,9342.0,8712.0,0.0,8712.0
8820.0,8730.0,8820.0,8820.0,0.0,8820.0
9108.0,8460.0,9000.0,9108.0,0.0,9108.0
8982.0,8442.0,8460.0,8442.0,0.0,8442.0
9126.0,8298.0,8298.0,8514.0,0.0,8514.0
8892.0,8298.0,8892.0,8352.0,0.0,8352.0
8982.0,8352.0,8532.0,8820.0,0.0,8820.0
8910.0,8298.0,8910.0,8460.0,0.0,8460.0
8460.0,8280.0,8460.0,8280.0,0.0,8280.0
8640.0,8280.0,8640.0,8460.0,0.0,8460.0
8460.0,8280.0,8280.0,8280.0,0.0,8280.0
8820.0,8280.0,8460.0,8640.0,0.0,8640.0
8820.0,8100.0,8640.0,8802.0,0.0,8802.0
8910.0,8280.0,8640.0,8280.0,0.0,8280.0
8370.0,8280.0,8280.0,8370.0,0.0,8370.0
8910.0,8280.0,8622.0,8910.0,0.0,8910.0
8910.0,8820.0,8910.0,8892.0,0.0,8892.0
8910.0,8334.0,8910.0,8820.0,0.0,8820.0
9000.0,8460.0,8820.0,9000.0,0.0,9000.0
9540.0,8406.0,9540.0,9180.0,0.0,9180.0
9000.0,8280.0,9000.0,8280.0,0.0,8280.0
8640.0,7362.0,8532.0,7920.0,0.0,7920.0
8460.0,7380.0,8154.0,7740.0,0.0,7740.0
8370.0,7002.0,8280.0,7380.0,0.0,7380.0
8100.0,7200.0,7758.0,7722.0,0.0,7722.0
7920.0,6300.0,7488.0,7560.0,0.0,7560.0
7920.0,7308.0,7830.0,7920.0,0.0,7920.0
8280.0,7920.0,8100.0,8100.0,0.0,8100.0
8280.0,7920.0,7992.0,8280.0,0.0,8280.0
8280.0,7272.0,7380.0,8280.0,0.0,8280.0
8262.0,7560.0,7560.0,8100.0,0.0,8100.0
8226.0,7380.0,7380.0,8226.0,0.0,8226.0
7938.0,7380.0,7560.0,7740.0,0.0,7740.0
7740.0,7236.0,7236.0,7560.0,0.0,7560.0
8100.0,7200.0,7200.0,8100.0,0.0,8100.0
8262.0,7020.0,8262.0,7200.0,0.0,7200.0
7704.0,6660.0,6660.0,6840.0,0.0,6840.0
7200.0,6840.0,6840.0,6912.0,0.0,6912.0
7362.0,6858.0,7200.0,7020.0,0.0,7020.0
7200.0,6660.0,7164.0,6660.0,0.0,6660.0
7128.0,6660.0,6786.0,7020.0,0.0,7020.0
7164.0,6336.0,6840.0,6480.0,0.0,6480.0
7128.0,6336.0,6480.0,6480.0,0.0,6480.0
7092.0,6336.0,7092.0,6570.0,0.0,6570.0
6678.0,6336.0,6372.0,6480.0,0.0,6480.0
7020.0,6480.0,6480.0,6480.0,0.0,6480.0
6966.0,6480.0,6642.0,6678.0,0.0,6678.0
6966.0,6372.0,6966.0,6480.0,0.0,6480.0
7920.0,6318.0,6480.0,6552.0,0.0,6552.0
7020.0,6660.0,6750.0,7020.0,0.0,7020.0
7524.0,6768.0,7380.0,6840.0,0.0,6840.0
6804.0,6336.0,6534.0,6750.0,0.0,6750.0
6660.0,6318.0,6660.0,6444.0,0.0,6444.0
6606.0,6300.0,6300.0,6606.0,0.0,6606.0
6624.0,5940.0,6462.0,6444.0,0.0,6444.0
6354.0,5940.0,6084.0,6354.0,0.0,6354.0
6336.0,5940.0,6300.0,5940.0,0.0,5940.0
6012.0,5508.0,5940.0,5508.0,0.0,5508.0
6138.0,5490.0,5580.0,5922.0,0.0,5922.0
5634.0,5400.0,5490.0,5490.0,0.0,5490.0
5760.0,5418.0,5418.0,5490.0,0.0,5490.0
5940.0,5580.0,5580.0,5742.0,0.0,5742.0
5724.0,5580.0,5724.0,5688.0,0.0,5688.0
5508.0,5310.0,5508.0,5508.0,0.0,5508.0
5382.0,4950.0,5382.0,4950.0,0.0,4950.0
4950.0,4770.0,4770.0,4950.0,0.0,4950.0
4860.0,4500.0,4860.0,4500.0,0.0,4500.0
4860.0,3240.0,4320.0,3600.0,0.0,3600.0
4500.0,3582.0,3600.0,3582.0,0.0,3582.0
3870.0,3600.0,3600.0,3780.0,0.0,3780.0
4140.0,3600.0,3600.0,3960.0,0.0,3960.0
4140.0,3600.0,3780.0,3780.0,0.0,3780.0
3870.0,3420.0,3420.0,3456.0,0.0,3456.0
3780.0,3240.0,3420.0,3510.0,0.0,3510.0
3600.0,3420.0,3438.0,3438.0,0.0,3438.0
3600.0,3240.0,3420.0,3240.0,0.0,3240.0
3600.0,3240.0,3312.0,3240.0,0.0,3240.0
3546.0,2880.0,3312.0,3420.0,0.0,3420.0
3420.0,2880.0,3420.0,3060.0,0.0,3060.0
3420.0,2880.0,2970.0,3060.0,0.0,3060.0
3420.0,2880.0,3150.0,3420.0,0.0,3420.0
3420.0,3024.0,3024.0,3060.0,0.0,3060.0
3780.0,2880.0,2880.0,3780.0,0.0,3780.0
3780.0,2880.0,3420.0,3330.0,0.0,3330.0
3420.0,2916.0,3420.0,2952.0,0.0,2952.0
3420.0,2898.0,3420.0,3204.0,0.0,3204.0
3510.0,3042.0,3240.0,3060.0,0.0,3060.0
3240.0,2898.0,3222.0,2970.0,0.0,2970.0
3402.0,2898.0,2898.0,3240.0,0.0,3240.0
3420.0,3060.0,3240.0,3258.0,0.0,3258.0
3600.0,3060.0,3258.0,3510.0,0.0,3510.0
3780.0,3240.0,3600.0,3330.0,0.0,3330.0
4320.0,3276.0,3420.0,3420.0,0.0,3420.0
3348.0,3150.0,3348.0,3240.0,0.0,3240.0
6084.0,3222.0,3222.0,5580.0,100.0,5580.0
6120.0,4500.0,5580.0,5436.0,0.0,5436.0
5562.0,4500.0,4860.0,4500.0,0.0,4500.0
5760.0,4518.0,5040.0,4518.0,0.0,4518.0
5400.0,4536.0,4770.0,5202.0,0.0,5202.0
5382.0,4680.0,5382.0,4680.0,0.0,4680.0
4860.0,3798.0,4860.0,3960.0,0.0,3960.0
4500.0,3780.0,3780.0,3780.0,0.0,3780.0
5580.0,3870.0,3870.0,5220.0,0.0,5220.0
13302.0,5220.0,5400.0,7740.0,700.0,7740.0
12276.0,4680.0,9378.0,5040.0,500.0,5040.0
5760.0,4320.0,4860.0,4680.0,200.0,4680.0
5040.0,4320.0,4680.0,4320.0,0.0,4320.0
4842.0,4140.0,4500.0,4230.0,0.0,4230.0
4374.0,3816.0,4374.0,4140.0,0.0,4140.0
4626.0,3600.0,3636.0,3996.0,0.0,3996.0
4140.0,3726.0,3978.0,3798.0,0.0,3798.0
5760.0,3726.0,3798.0,5220.0,200.0,5220.0
5634.0,4680.0,5364.0,4770.0,0.0,4770.0
4914.0,4050.0,4914.0,4176.0,0.0,4176.0
5004.0,4320.0,4392.0,4842.0,0.0,4842.0
5184.0,4680.0,5040.0,4770.0,0.0,4770.0
5760.0,4770.0,5040.0,5022.0,100.0,5022.0
4950.0,4230.0,4716.0,4392.0,0.0,4392.0
4734.0,4248.0,4734.0,4392.0,0.0,4392.0
4680.0,4338.0,4680.0,4374.0,0.0,4374.0
4590.0,4248.0,4320.0,4410.0,0.0,4410.0
4500.0,4320.0,4446.0,4356.0,0.0,4356.0
5184.0,4050.0,4230.0,4500.0,0.0,4500.0
4500.0,4230.0,4410.0,4500.0,0.0,4500.0
5400.0,4320.0,4482.0,5004.0,100.0,5004.0
5580.0,4698.0,4878.0,5202.0,100.0,5202.0
5400.0,4644.0,5346.0,4860.0,0.0,4860.0
5040.0,4680.0,4968.0,4860.0,0.0,4860.0
4860.0,4500.0,4860.0,4572.0,0.0,4572.0
5220.0,4554.0,4860.0,5040.0,0.0,5040.0
5130.0,4680.0,5040.0,4860.0,0.0,4860.0
4968.0,4320.0,4968.0,4680.0,0.0,4680.0
4842.0,4500.0,4680.0,4716.0,0.0,4716.0
5202.0,4680.0,4716.0,5004.0,0.0,5004.0
5580.0,4932.0,4950.0,4950.0,0.0,4950.0
5004.0,4626.0,4950.0,4716.0,0.0,4716.0
5526.0,4518.0,4824.0,4950.0,0.0,4950.0
4950.0,4608.0,4716.0,4626.0,0.0,4626.0
4860.0,4320.0,4860.0,4752.0,0.0,4752.0
4752.0,4500.0,4752.0,4680.0,0.0,4680.0
4680.0,4554.0,4680.0,4626.0,0.0,4626.0
4680.0,4518.0,4680.0,4680.0,0.0,4680.0
4680.0,4536.0,4662.0,4590.0,0.0,4590.0
4680.0,4518.0,4608.0,4518.0,0.0,4518.0
4590.0,4410.0,4590.0,4446.0,0.0,4446.0
4464.0,4140.0,4464.0,4410.0,0.0,4410.0
4392.0,3870.0,4392.0,4140.0,0.0,4140.0
4662.0,4140.0,4140.0,4446.0,0.0,4446.0
4464.0,4140.0,4464.0,4410.0,0.0,4410.0
4518.0,4176.0,4500.0,4248.0,0.0,4248.0
4410.0,3870.0,4230.0,4122.0,0.0,4122.0
4122.0,3960.0,4122.0,3978.0,0.0,3978.0
3996.0,3780.0,3906.0,3834.0,0.0,3834.0
4068.0,3780.0,3780.0,3960.0,0.0,3960.0
4050.0,3780.0,3960.0,4050.0,0.0,4050.0
4176.0,3888.0,4140.0,4176.0,0.0,4176.0
5202.0,3960.0,4320.0,4230.0,100.0,4230.0
5220.0,4248.0,4680.0,4680.0,0.0,4680.0
4630.7998046875,4261.2001953125,4630.7998046875,4356.0,0.0,4356.0
4588.7998046875,3660.0,4321.2001953125,4260.0,0.0,4260.0
4440.0,3720.0,4440.0,3780.0,0.0,3780.0
3768.0,3298.800048828125,3768.0,3625.199951171875,0.0,3625.199951171875
4380.0,3768.0,3768.0,4308.0,0.0,4308.0
4740.0,4308.0,4308.0,4380.0,0.0,4380.0
4404.0,3966.0,4188.0,4032.0,0.0,4032.0
4152.0,3792.0,4044.0,4104.0,0.0,4104.0
4116.0,3852.0,4080.0,3888.0,0.0,3888.0
3960.0,3708.0,3780.0,3900.0,0.0,3900.0
4104.0,3396.0,4020.0,3672.0,0.0,3672.0
3696.0,3492.0,3672.0,3552.0,0.0,3552.0
3580.800048828125,3318.0,3576.0,3528.0,0.0,3528.0
3456.0,3060.0,3456.0,3204.0,0.0,3204.0
3264.0,3181.199951171875,3240.0,3216.0,0.0,3216.0
3234.0,3030.0,3228.0,3132.0,0.0,3132.0
3468.0,2978.39990234375,3024.0,3468.0,0.0,3468.0
4188.0,3115.199951171875,3468.0,4188.0,0.0,4188.0
4500.0,3624.0,4344.0,3852.0,0.0,3852.0
4410.0,3804.0,3852.0,3984.0,0.0,3984.0
3904.800048828125,3660.0,3780.0,3828.0,0.0,3828.0
4116.0,3720.0,3900.0,3732.0,0.0,3732.0
3912.0,3603.60009765625,3912.0,3708.0,0.0,3708.0
3804.0,3552.0,3804.0,3744.0,0.0,3744.0
3864.0,3513.60009765625,3864.0,3588.0,0.0,3588.0
3600.0,3480.0,3559.199951171875,3504.0,0.0,3504.0
3684.0,3300.0,3480.0,3408.0,0.0,3408.0
3406.800048828125,3324.0,3406.800048828125,3384.0,0.0,3384.0
3408.0,3118.800048828125,3408.0,3300.0,0.0,3300.0
3348.0,3300.0,3309.60009765625,3300.0,0.0,3300.0
3708.0,3308.39990234375,3308.39990234375,3396.0,0.0,3396.0
3963.60009765625,3420.0,3420.0,3960.0,0.0,3960.0
4116.0,3120.0,3504.0,3624.0,100.0,3624.0
3996.0,3626.39990234375,3720.0,3660.0,0.0,3660.0
3720.0,3480.0,3576.0,3588.0,0.0,3588.0
3584.39990234375,3432.0,3456.0,3444.0,0.0,3444.0
3492.0,3300.0,3342.0,3312.0,0.0,3312.0
3336.0,2880.0,3336.0,3000.0,0.0,3000.0
3144.0,2880.0,3144.0,2988.0,0.0,2988.0
3120.0,2892.0,2928.0,3000.0,0.0,3000.0
3000.0,2772.0,2991.60009765625,2784.0,0.0,2784.0
2907.60009765625,2700.0,2772.0,2700.0,0.0,2700.0
2700.0,2412.0,2700.0,2412.0,0.0,2412.0
2628.0,2412.0,2580.0,2505.60009765625,0.0,2505.60009765625
2580.0,2290.800048828125,2580.0,2290.800048828125,0.0,2290.800048828125
2244.0,1682.4000244140625,2244.0,2148.0,0.0,2148.0
5532.0,2292.0,2460.0,5328.0,8600.0,5328.0
4872.0,3396.0,4716.0,3480.0,1900.0,3480.0
4752.0,3480.0,3480.0,3948.0,1700.0,3948.0
4260.0,3576.0,4080.0,3852.0,200.0,3852.0
3096.0,2737.199951171875,2880.0,3024.0,300.0,3024.0
3312.0,2892.0,3024.0,2892.0,100.0,2892.0
2964.0,2580.0,2880.0,2592.0,100.0,2592.0
2664.0,2400.0,2460.0,2556.0,100.0,2556.0
3096.0,2430.0,2568.0,2664.0,400.0,2664.0
2820.0,2580.0,2580.0,2592.0,0.0,2592.0
2808.0,2484.0,2484.0,2628.0,0.0,2628.0
2520.0,2352.0,2400.0,2508.0,100.0,2508.0
2556.0,2220.0,2412.0,2304.0,100.0,2304.0
2592.0,2232.0,2232.0,2508.0,100.0,2508.0
2748.0,2400.0,2460.0,2448.0,0.0,2448.0
2520.0,2244.0,2244.0,2364.0,0.0,2364.0
2496.0,2340.0,2340.0,2400.0,0.0,2400.0
2376.0,2232.0,2352.0,2316.0,0.0,2316.0
2508.0,2220.0,2508.0,2232.0,0.0,2232.0
2616.0,2220.0,2388.0,2244.0,0.0,2244.0
2244.0,2112.0,2244.0,2148.0,0.0,2148.0
2196.0,1992.0,2196.0,2076.0,0.0,2076.0
2040.0,1572.0,1992.0,1860.0,0.0,1860.0
1992.0,1716.0,1866.0,1728.0,0.0,1728.0
1860.0,1620.0,1680.0,1704.0,0.0,1704.0
2028.0,1704.0,1704.0,1860.0,0.0,1860.0
2282.39990234375,1752.0,1884.0,1968.0,200.0,1968.0
2258.39990234375,1814.4000244140625,1968.0,1932.0,200.0,1932.0
2040.0,1819.199951171875,1980.0,1890.0,0.0,1890.0
1950.0,1680.0,1812.0,1704.0,0.0,1704.0
1824.0,1651.199951171875,1776.0,1668.0,0.0,1668.0
1800.0,1572.0,1668.0,1644.0,0.0,1644.0
1920.0,1644.0,1920.0,1704.0,0.0,1704.0
1836.0,1620.0,1704.0,1716.0,0.0,1716.0
1884.0,1584.0,1668.0,1644.0,0.0,1644.0
1680.0,1536.0,1656.0,1596.0,0.0,1596.0
1668.0,1512.0,1560.0,1596.0,0.0,1596.0
996.0,816.0,966.0,820.7999877929688,1500.0,820.7999877929688
852.0,780.0,840.0,807.5999755859375,400.0,807.5999755859375
888.0,793.2000122070312,822.0,816.0,100.0,816.0
844.7999877929688,733.2000122070312,814.7999877929688,745.2000122070312,300.0,745.2000122070312
804.0,700.7999877929688,804.0,703.2000122070312,300.0,703.2000122070312
840.0,696.0,720.0,804.0,900.0,804.0
1020.0,746.4000244140625,840.0,802.7999877929688,2300.0,802.7999877929688
984.0,768.0,852.0,816.0,1800.0,816.0
924.0,792.0,864.0,888.0,1400.0,888.0
1171.199951171875,912.0,912.0,960.0,4700.0,960.0
1006.7999877929688,900.0,960.0,930.0,900.0,930.0
1074.0,843.5999755859375,948.0,1068.0,1700.0,1068.0
1080.0,921.5999755859375,1074.0,972.0,1100.0,972.0
972.0,852.0,972.0,888.0,600.0,888.0
933.5999755859375,852.0,888.0,889.2000122070312,500.0,889.2000122070312
900.0,816.0,866.4000244140625,828.0,500.0,828.0
837.5999755859375,747.5999755859375,816.0,757.2000122070312,500.0,757.2000122070312
760.7999877929688,655.2000122070312,757.2000122070312,732.0,300.0,732.0
780.0,710.4000244140625,732.0,768.0,200.0,768.0
780.0,720.0,780.0,754.7999877929688,200.0,754.7999877929688
744.0,684.0,721.2000122070312,706.7999877929688,100.0,706.7999877929688
741.5999755859375,696.0,696.0,700.7999877929688,0.0,700.7999877929688
723.5999755859375,684.0,697.2000122070312,708.0,100.0,708.0
720.0,660.0,720.0,682.7999877929688,100.0,682.7999877929688
688.7999877929688,603.5999755859375,672.0,612.0,200.0,612.0
639.5999755859375,600.0,600.0,639.5999755859375,0.0,639.5999755859375
780.0,624.0,694.7999877929688,744.0,800.0,744.0
733.2000122070312,615.5999755859375,720.0,618.0,300.0,618.0
600.0,433.20001220703125,588.0,444.0,2600.0,444.0
504.0,420.0,492.0,421.20001220703125,1100.0,421.20001220703125
421.20001220703125,358.79998779296875,421.20001220703125,384.0,700.0,384.0
420.0,364.79998779296875,372.0,384.0,300.0,384.0
396.0,228.0,366.0,324.0,900.0,324.0
468.0,324.0,357.6000061035156,372.0,3500.0,372.0
430.79998779296875,336.0,366.0,360.0,1400.0,360.0
372.0,312.0,366.0,343.20001220703125,800.0,343.20001220703125
372.0,348.0,360.0,358.79998779296875,700.0,358.79998779296875
348.0,290.3999938964844,297.6000061035156,336.0,1100.0,336.0
336.0,300.0,300.0,307.20001220703125,400.0,307.20001220703125
336.0,300.0,324.0,310.79998779296875,1300.0,310.79998779296875
312.0,288.0,312.0,296.3999938964844,600.0,296.3999938964844
292.79998779296875,246.0,276.0,252.0,1100.0,252.0
361.20001220703125,247.1999969482422,252.0,271.20001220703125,4600.0,271.20001220703125
298.79998779296875,252.0,298.79998779296875,277.20001220703125,1800.0,277.20001220703125
276.0,255.60000610351562,276.0,262.79998779296875,1000.0,262.79998779296875
276.0,259.20001220703125,264.0,268.79998779296875,400.0,268.79998779296875
295.20001220703125,270.0,276.0,285.6000061035156,1200.0,285.6000061035156
286.79998779296875,270.0,286.79998779296875,279.6000061035156,800.0,279.6000061035156
279.6000061035156,264.0,279.6000061035156,270.0,600.0,270.0
282.0,265.20001220703125,278.3999938964844,272.3999938964844,500.0,272.3999938964844
320.3999938964844,266.3999938964844,276.0,288.0,2300.0,288.0
324.0,280.79998779296875,324.0,282.0,1100.0,282.0
336.0,270.0,296.3999938964844,289.20001220703125,2300.0,289.20001220703125
324.0,276.0,276.0,294.0,1000.0,294.0
307.20001220703125,280.79998779296875,307.20001220703125,290.3999938964844,500.0,290.3999938964844
294.0,276.0,288.0,285.6000061035156,800.0,285.6000061035156
300.0,271.20001220703125,288.0,276.0,1200.0,276.0
276.0,260.3999938964844,276.0,264.0,700.0,264.0
277.20001220703125,264.0,276.0,273.6000061035156,400.0,273.6000061035156
270.0,258.0,270.0,259.20001220703125,600.0,259.20001220703125
451.20001220703125,260.3999938964844,264.0,442.79998779296875,11000.0,442.79998779296875
684.0,435.6000061035156,466.79998779296875,588.0,26100.0,588.0
612.0,450.0,608.4000244140625,486.0,7300.0,486.0
486.0,376.79998779296875,478.79998779296875,420.0,4600.0,420.0
480.0,396.0,444.0,404.3999938964844,2000.0,404.3999938964844
408.0,367.20001220703125,403.20001220703125,390.0,1600.0,390.0
396.0,336.0,376.79998779296875,360.0,2100.0,360.0
600.0,397.20001220703125,408.0,579.5999755859375,11800.0,579.5999755859375
582.0,423.6000061035156,564.0,447.6000061035156,4900.0,447.6000061035156
540.0,432.0,471.6000061035156,450.0,4300.0,450.0
478.79998779296875,420.0,478.79998779296875,453.6000061035156,1200.0,453.6000061035156
452.3999938964844,397.20001220703125,421.20001220703125,411.6000061035156,1400.0,411.6000061035156
501.6000061035156,390.0,404.3999938964844,466.79998779296875,2400.0,466.79998779296875
492.0,432.0,468.0,445.20001220703125,900.0,445.20001220703125
468.0,426.0,444.0,444.0,600.0,444.0
514.7999877929688,433.20001220703125,456.0,482.3999938964844,2300.0,482.3999938964844
492.0,451.20001220703125,478.79998779296875,468.0,1000.0,468.0
612.0,465.6000061035156,465.6000061035156,528.0,8300.0,528.0
594.0,470.3999938964844,493.20001220703125,576.0,1900.0,576.0
732.0,518.4000244140625,556.7999877929688,634.7999877929688,9000.0,634.7999877929688
648.0,553.2000122070312,630.0,564.0,3000.0,564.0
588.0,480.0,588.0,540.0,1600.0,540.0
598.7999877929688,492.0,525.5999755859375,564.0,2400.0,564.0
562.7999877929688,504.0,546.0,516.0,600.0,516.0
612.0,511.20001220703125,517.2000122070312,540.0,1500.0,540.0
550.7999877929688,504.0,546.0,510.0,900.0,510.0
526.7999877929688,435.6000061035156,526.7999877929688,453.6000061035156,1500.0,453.6000061035156
480.0,435.6000061035156,462.0,450.0,700.0,450.0
486.0,444.0,453.6000061035156,458.3999938964844,800.0,458.3999938964844
516.0,444.0,468.0,452.3999938964844,700.0,452.3999938964844
468.0,408.0,444.0,444.0,900.0,444.0
462.0,414.0,451.20001220703125,434.3999938964844,500.0,434.3999938964844
456.0,408.0,456.0,415.20001220703125,800.0,415.20001220703125
480.0,396.0,408.0,471.6000061035156,1500.0,471.6000061035156
480.0,410.3999938964844,474.0,412.79998779296875,800.0,412.79998779296875
504.0,420.0,444.0,421.20001220703125,2000.0,421.20001220703125
466.79998779296875,433.20001220703125,444.0,448.79998779296875,800.0,448.79998779296875
474.0,426.0,444.0,459.6000061035156,700.0,459.6000061035156
550.7999877929688,446.3999938964844,480.0,492.0,4000.0,492.0
513.5999755859375,458.3999938964844,501.6000061035156,462.0,1000.0,462.0
499.20001220703125,456.0,468.0,462.0,1300.0,462.0
430.79998779296875,373.20001220703125,429.6000061035156,384.0,1900.0,384.0
392.3999938964844,340.79998779296875,392.3999938964844,360.0,900.0,360.0
438.0,348.0,370.79998779296875,402.0,2000.0,402.0
522.0,422.3999938964844,444.0,460.79998779296875,4900.0,460.79998779296875
528.0,444.0,492.0,504.0,4300.0,504.0
540.0,450.0,528.0,468.0,3100.0,468.0
501.6000061035156,433.20001220703125,463.20001220703125,450.0,1500.0,450.0
477.6000061035156,414.0,457.20001220703125,424.79998779296875,900.0,424.79998779296875
456.0,415.20001220703125,456.0,430.79998779296875,500.0,430.79998779296875
444.0,396.0,438.0,408.0,800.0,408.0
428.3999938964844,396.0,416.3999938964844,410.3999938964844,1000.0,410.3999938964844
428.3999938964844,396.0,398.3999938964844,408.0,900.0,408.0
444.0,398.3999938964844,405.6000061035156,408.0,1800.0,408.0
501.6000061035156,399.6000061035156,420.0,498.0,4300.0,498.0
453.6000061035156,406.79998779296875,432.0,408.0,4400.0,408.0
406.79998779296875,367.20001220703125,396.0,369.6000061035156,2400.0,369.6000061035156
384.0,358.79998779296875,378.0,358.79998779296875,1200.0,358.79998779296875
362.3999938964844,264.0,360.0,291.6000061035156,5700.0,291.6000061035156
300.0,243.60000610351562,285.6000061035156,246.0,6300.0,246.0
260.3999938964844,246.0,252.0,260.3999938964844,3800.0,260.3999938964844
270.0,253.1999969482422,265.20001220703125,256.79998779296875,1600.0,256.79998779296875
307.20001220703125,258.0,264.0,303.6000061035156,3700.0,303.6000061035156
300.0,256.79998779296875,288.0,267.6000061035156,2200.0,267.6000061035156
290.3999938964844,259.20001220703125,274.79998779296875,267.6000061035156,1400.0,267.6000061035156
288.0,267.6000061035156,276.0,276.0,1100.0,276.0
282.0,270.0,277.20001220703125,272.3999938964844,1000.0,272.3999938964844
276.0,246.0,276.0,252.0,2100.0,252.0
274.79998779296875,252.0,274.79998779296875,258.0,1000.0,258.0
268.79998779296875,252.0,264.0,260.3999938964844,800.0,260.3999938964844
270.0,252.0,270.0,261.6000061035156,900.0,261.6000061035156
322.79998779296875,258.0,264.0,296.3999938964844,6000.0,296.3999938964844
294.0,254.39999389648438,280.79998779296875,267.6000061035156,3200.0,267.6000061035156
552.0,320.3999938964844,504.0,348.0,77600.0,348.0
434.3999938964844,318.0,432.0,348.0,22400.0,348.0
360.0,315.6000061035156,348.0,327.6000061035156,6800.0,327.6000061035156
406.79998779296875,325.20001220703125,340.79998779296875,405.6000061035156,16800.0,405.6000061035156
654.0,422.3999938964844,444.0,552.0,47900.0,552.0
657.5999755859375,430.79998779296875,619.2000122070312,474.0,32200.0,474.0
538.7999877929688,388.79998779296875,432.0,469.20001220703125,15000.0,469.20001220703125
528.0,451.20001220703125,468.0,492.0,7300.0,492.0
492.0,457.20001220703125,468.0,471.6000061035156,5100.0,471.6000061035156
470.3999938964844,423.6000061035156,470.3999938964844,436.79998779296875,5300.0,436.79998779296875
426.0,390.0,417.6000061035156,402.0,6500.0,402.0
408.0,338.3999938964844,408.0,363.6000061035156,7100.0,363.6000061035156
396.0,350.3999938964844,357.6000061035156,380.3999938964844,4600.0,380.3999938964844
394.79998779296875,354.0,394.79998779296875,364.79998779296875,3300.0,364.79998779296875
372.0,354.0,369.6000061035156,364.79998779296875,1900.0,364.79998779296875
360.0,342.0,360.0,344.3999938964844,2300.0,344.3999938964844
430.79998779296875,343.20001220703125,349.20001220703125,387.6000061035156,13300.0,387.6000061035156
390.0,300.0,372.0,342.0,8900.0,342.0
354.0,312.0,314.3999938964844,312.0,5500.0,312.0
251.60000610351562,176.0,236.0,191.60000610351562,24100.0,191.60000610351562
215.1999969482422,124.0,198.0,152.0,29700.0,152.0
146.8000030517578,112.80000305175781,138.8000030517578,122.0,23300.0,122.0
213.1999969482422,140.0,141.60000610351562,148.39999389648438,180000.0,148.39999389648438
172.39999389648438,141.1999969482422,169.60000610351562,153.60000610351562,56000.0,153.60000610351562
151.60000610351562,130.0,148.0,140.8000030517578,17500.0,140.8000030517578
142.8000030517578,124.4000015258789,140.0,127.19999694824219,22000.0,127.19999694824219
116.0,90.0,94.0,110.80000305175781,59300.0,110.80000305175781
116.0,93.5999984741211,108.0,94.0,36600.0,94.0
98.4000015258789,84.0,97.5999984741211,87.5999984741211,18200.0,87.5999984741211
89.19999694824219,66.0,88.80000305175781,71.5999984741211,44500.0,71.5999984741211
70.80000305175781,62.400001525878906,70.0,66.0,22500.0,66.0
72.4000015258789,64.80000305175781,66.0,66.4000015258789,21000.0,66.4000015258789
71.04000091552734,64.80000305175781,69.5999984741211,64.80000305175781,36000.0,64.80000305175781
68.0,51.0,65.19999694824219,56.400001525878906,50200.0,56.400001525878906
63.2400016784668,46.0,54.0,51.20000076293945,124900.0,51.20000076293945
60.0,51.20000076293945,54.79999923706055,53.20000076293945,59200.0,53.20000076293945
54.040000915527344,47.20000076293945,52.400001525878906,50.0,46300.0,50.0
54.400001525878906,48.0,54.400001525878906,51.20000076293945,26700.0,51.20000076293945
64.0,52.79999923706055,52.79999923706055,60.79999923706055,171700.0,60.79999923706055
66.0,56.0,59.20000076293945,63.20000076293945,70200.0,63.20000076293945
64.80000305175781,55.79999923706055,64.80000305175781,59.20000076293945,44700.0,59.20000076293945
60.0,54.79999923706055,58.79999923706055,57.599998474121094,20400.0,57.599998474121094
64.0,56.0,58.0,60.79999923706055,57100.0,60.79999923706055
63.20000076293945,56.79999923706055,62.400001525878906,59.20000076293945,25600.0,59.20000076293945
59.20000076293945,52.79999923706055,58.79999923706055,54.0,35400.0,54.0
54.79999923706055,49.599998474121094,54.0,51.599998474121094,40300.0,51.599998474121094
52.0,46.79999923706055,51.599998474121094,48.79999923706055,30200.0,48.79999923706055
49.599998474121094,46.400001525878906,49.599998474121094,48.0,25300.0,48.0
53.599998474121094,47.599998474121094,49.20000076293945,49.599998474121094,60300.0,49.599998474121094
52.400001525878906,48.79999923706055,50.79999923706055,50.79999923706055,27000.0,50.79999923706055
51.20000076293945,45.20000076293945,50.79999923706055,47.2400016784668,34300.0,47.2400016784668
50.0,41.20000076293945,50.0,45.599998474121094,41100.0,45.599998474121094
46.0,41.20000076293945,46.0,43.20000076293945,21100.0,43.20000076293945
51.20000076293945,41.599998474121094,42.79999923706055,49.599998474121094,80000.0,49.599998474121094
48.79999923706055,42.400001525878906,48.79999923706055,43.20000076293945,37300.0,43.20000076293945
44.0,42.0,43.20000076293945,43.0,15500.0,43.0
43.63999938964844,28.399999618530273,43.20000076293945,36.0,54400.0,36.0
35.599998474121094,29.200000762939453,34.0,30.360000610351562,30000.0,30.360000610351562
48.400001525878906,26.0,30.0,42.0,145400.0,42.0
45.20000076293945,34.400001525878906,44.0,36.79999923706055,49600.0,36.79999923706055
37.599998474121094,32.79999923706055,34.79999923706055,34.52000045776367,30000.0,34.52000045776367
42.79999923706055,34.52000045776367,34.52000045776367,37.20000076293945,41400.0,37.20000076293945
39.2400016784668,35.20000076293945,37.599998474121094,36.400001525878906,10700.0,36.400001525878906
39.79999923706055,34.400001525878906,36.400001525878906,37.599998474121094,42900.0,37.599998474121094
41.599998474121094,36.20000076293945,37.599998474121094,37.63999938964844,37900.0,37.63999938964844
39.599998474121094,36.79999923706055,39.599998474121094,37.08000183105469,10300.0,37.08000183105469
39.560001373291016,35.20000076293945,38.79999923706055,36.400001525878906,8400.0,36.400001525878906
42.880001068115234,36.400001525878906,36.79999923706055,37.79999923706055,72900.0,37.79999923706055
38.7599983215332,36.79999923706055,38.720001220703125,37.20000076293945,11500.0,37.20000076293945
38.400001525878906,18.719999313354492,38.400001525878906,24.399999618530273,150100.0,24.399999618530273
17.200000762939453,14.399999618530273,16.719999313354492,15.800000190734863,271900.0,15.800000190734863
16.600000381469727,13.319999694824219,16.399999618530273,15.319999694824219,63100.0,15.319999694824219
16.0,15.359999656677246,15.600000381469727,15.84000015258789,22700.0,15.84000015258789
16.0,14.399999618530273,16.0,14.640000343322754,47700.0,14.640000343322754
14.800000190734863,12.399999618530273,14.800000190734863,13.079999923706055,35400.0,13.079999923706055
16.399999618530273,13.15999984741211,14.199999809265137,14.920000076293945,93600.0,14.920000076293945
16.0,13.239999771118164,15.960000038146973,14.399999618530273,43000.0,14.399999618530273
15.199999809265137,13.600000381469727,14.399999618530273,14.5600004196167,28100.0,14.5600004196167
15.15999984741211,13.800000190734863,14.199999809265137,14.039999961853027,18700.0,14.039999961853027
16.8799991607666,14.760000228881836,15.199999809265137,15.0,129300.0,15.0
15.520000457763672,14.0,15.0,14.119999885559082,57600.0,14.119999885559082
15.199999809265137,14.0,14.720000267028809,14.0,20700.0,14.0
14.479999542236328,13.600000381469727,14.0,13.680000305175781,24600.0,13.680000305175781
16.0,13.600000381469727,13.600000381469727,14.319999694824219,65700.0,14.319999694824219
15.760000228881836,14.399999618530273,14.399999618530273,14.800000190734863,33500.0,14.800000190734863
16.31999969482422,14.880000114440918,15.399999618530273,15.4399995803833,45100.0,15.4399995803833
17.1200008392334,15.600000381469727,16.799999237060547,16.360000610351562,74900.0,16.360000610351562
16.799999237060547,15.0,16.68000030517578,16.360000610351562,47500.0,16.360000610351562
14.800000190734863,11.600000381469727,13.800000190734863,14.199999809265137,50100.0,14.199999809265137
14.399999618530273,13.279999732971191,14.399999618530273,14.199999809265137,17200.0,14.199999809265137
14.399999618530273,13.640000343322754,13.640000343322754,13.640000343322754,14000.0,13.640000343322754
18.0,14.279999732971191,14.399999618530273,15.5600004196167,170800.0,15.5600004196167
16.799999237060547,14.399999618530273,16.799999237060547,15.199999809265137,78100.0,15.199999809265137
15.600000381469727,13.680000305175781,15.600000381469727,14.279999732971191,38500.0,14.279999732971191
14.880000114440918,14.0,14.4399995803833,14.199999809265137,12600.0,14.199999809265137
14.520000457763672,13.800000190734863,14.520000457763672,14.0,15500.0,14.0
14.399999618530273,14.0,14.15999984741211,14.0,13500.0,14.0
14.239999771118164,13.680000305175781,14.0,13.960000038146973,16000.0,13.960000038146973
14.399999618530273,13.84000015258789,14.399999618530273,13.960000038146973,12300.0,13.960000038146973
14.279999732971191,13.680000305175781,14.199999809265137,14.199999809265137,12300.0,14.199999809265137
14.399999618530273,13.680000305175781,14.399999618530273,13.800000190734863,9100.0,13.800000190734863
15.15999984741211,13.800000190734863,14.399999618530273,14.199999809265137,36400.0,14.199999809265137
14.800000190734863,14.039999961853027,14.800000190734863,14.239999771118164,15700.0,14.239999771118164
14.399999618530273,13.920000076293945,14.199999809265137,14.039999961853027,11500.0,14.039999961853027
14.399999618530273,13.680000305175781,14.399999618530273,13.84000015258789,11100.0,13.84000015258789
14.800000190734863,14.0,14.279999732971191,14.039999961853027,16000.0,14.039999961853027
16.799999237060547,14.039999961853027,14.199999809265137,16.479999542236328,116600.0,16.479999542236328
16.0,14.520000457763672,15.600000381469727,15.279999732971191,43200.0,15.279999732971191
15.5600004196167,14.4399995803833,15.15999984741211,14.960000038146973,29200.0,14.960000038146973
15.199999809265137,13.800000190734863,14.84000015258789,14.0,28700.0,14.0
14.399999618530273,12.520000457763672,14.0,13.800000190734863,23000.0,13.800000190734863
14.800000190734863,12.800000190734863,13.600000381469727,14.079999923706055,33100.0,14.079999923706055
14.399999618530273,13.0,14.0,13.0,22400.0,13.0
13.399999618530273,11.600000381469727,13.399999618530273,11.600000381469727,82000.0,11.600000381469727
12.479999542236328,7.480000019073486,12.479999542236328,7.760000228881836,437500.0,7.760000228881836
7.800000190734863,4.800000190734863,7.760000228881836,7.199999809265137,184900.0,7.199999809265137
7.400000095367432,6.400000095367432,7.079999923706055,6.840000152587891,63100.0,6.840000152587891
7.199999809265137,6.599999904632568,7.199999809265137,7.0,57000.0,7.0
7.039999961853027,6.199999809265137,7.039999961853027,6.480000019073486,63100.0,6.480000019073486
7.199999809265137,5.800000190734863,6.559999942779541,6.480000019073486,135400.0,6.480000019073486
7.199999809265137,6.199999809265137,6.440000057220459,6.480000019073486,81700.0,6.480000019073486
6.800000190734863,6.400000095367432,6.800000190734863,6.559999942779541,23100.0,6.559999942779541
6.960000038146973,6.0,6.800000190734863,6.360000133514404,97600.0,6.360000133514404
6.559999942779541,5.28000020980835,6.519999980926514,6.239999771118164,65700.0,6.239999771118164
6.400000095367432,5.880000114440918,6.400000095367432,6.199999809265137,25100.0,6.199999809265137
6.320000171661377,6.039999961853027,6.320000171661377,6.119999885559082,21100.0,6.119999885559082
6.400000095367432,5.760000228881836,6.400000095367432,6.079999923706055,32200.0,6.079999923706055
6.159999847412109,5.880000114440918,6.159999847412109,6.0,21000.0,6.0
6.599999904632568,5.920000076293945,6.0,6.119999885559082,57400.0,6.119999885559082
6.840000152587891,6.119999885559082,6.400000095367432,6.519999980926514,53600.0,6.519999980926514
6.920000076293945,6.400000095367432,6.679999828338623,6.559999942779541,58300.0,6.559999942779541
7.519999980926514,6.519999980926514,6.800000190734863,7.199999809265137,142100.0,7.199999809265137
7.519999980926514,6.28000020980835,7.519999980926514,6.440000057220459,82100.0,6.440000057220459
6.599999904632568,6.320000171661377,6.559999942779541,6.559999942779541,29100.0,6.559999942779541
6.920000076293945,6.400000095367432,6.760000228881836,6.760000228881836,46800.0,6.760000228881836
6.840000152587891,6.400000095367432,6.400000095367432,6.480000019073486,17300.0,6.480000019073486
6.599999904632568,6.0,6.559999942779541,6.199999809265137,35700.0,6.199999809265137
6.239999771118164,5.800000190734863,6.199999809265137,5.960000038146973,45500.0,5.960000038146973
6.199999809265137,4.800000190734863,6.0,5.440000057220459,59800.0,5.440000057220459
5.599999904632568,5.199999809265137,5.559999942779541,5.360000133514404,19700.0,5.360000133514404
5.599999904632568,5.320000171661377,5.599999904632568,5.519999980926514,20400.0,5.519999980926514
5.599999904632568,4.960000038146973,5.599999904632568,5.039999961853027,30000.0,5.039999961853027
5.320000171661377,4.599999904632568,5.199999809265137,5.0,45200.0,5.0
5.039999961853027,4.119999885559082,5.039999961853027,4.71999979019165,51400.0,4.71999979019165
5.0,4.599999904632568,5.0,4.599999904632568,21600.0,4.599999904632568
6.400000095367432,4.800000190734863,5.0,5.400000095367432,120400.0,5.400000095367432
6.0,4.880000114440918,6.0,5.360000133514404,63700.0,5.360000133514404
6.0,5.199999809265137,6.0,5.440000057220459,47500.0,5.440000057220459
4.800000190734863,4.199999809265137,4.400000095367432,4.400000095367432,57200.0,4.400000095367432
4.800000190734863,4.440000057220459,4.639999866485596,4.639999866485596,25100.0,4.639999866485596
5.800000190734863,4.480000019073486,4.800000190734863,5.480000019073486,86000.0,5.480000019073486
5.599999904632568,4.880000114440918,5.599999904632568,5.239999771118164,44400.0,5.239999771118164
5.599999904632568,5.199999809265137,5.480000019073486,5.320000171661377,36700.0,5.320000171661377
5.599999904632568,5.199999809265137,5.599999904632568,5.480000019073486,29300.0,5.480000019073486
5.679999828338623,5.0,5.599999904632568,5.199999809265137,20800.0,5.199999809265137
5.519999980926514,5.199999809265137,5.360000133514404,5.440000057220459,27800.0,5.440000057220459
5.599999904632568,5.28000020980835,5.480000019073486,5.28000020980835,28200.0,5.28000020980835
5.480000019073486,5.039999961853027,5.480000019073486,5.079999923706055,15400.0,5.079999923706055
5.519999980926514,4.920000076293945,5.519999980926514,5.159999847412109,20700.0,5.159999847412109
5.360000133514404,4.920000076293945,5.360000133514404,5.039999961853027,16200.0,5.039999961853027
5.199999809265137,5.039999961853027,5.159999847412109,5.159999847412109,14400.0,5.159999847412109
5.199999809265137,5.039999961853027,5.159999847412109,5.159999847412109,22100.0,5.159999847412109
5.599999904632568,5.119999885559082,5.199999809265137,5.559999942779541,56400.0,5.559999942779541
6.0,5.599999904632568,5.599999904632568,5.71999979019165,44900.0,5.71999979019165
6.0,5.599999904632568,6.0,5.800000190734863,26000.0,5.800000190734863
5.920000076293945,5.199999809265137,5.920000076293945,5.400000095367432,38700.0,5.400000095367432
5.559999942779541,5.0,5.480000019073486,5.119999885559082,23200.0,5.119999885559082
5.400000095367432,5.079999923706055,5.199999809265137,5.28000020980835,22800.0,5.28000020980835
5.320000171661377,4.840000152587891,5.320000171661377,5.159999847412109,38900.0,5.159999847412109
5.199999809265137,4.840000152587891,5.199999809265137,4.920000076293945,66400.0,4.920000076293945
10.0,6.039999961853027,6.199999809265137,8.319999694824219,1459800.0,8.319999694824219
11.119999885559082,6.480000019073486,8.800000190734863,6.920000076293945,934400.0,6.920000076293945
7.079999923706055,5.599999904632568,6.800000190734863,5.840000152587891,219500.0,5.840000152587891
6.400000095367432,5.760000228881836,6.119999885559082,5.880000114440918,129500.0,5.880000114440918
6.0,5.239999771118164,5.960000038146973,5.639999866485596,130500.0,5.639999866485596
7.400000095367432,5.760000228881836,5.760000228881836,6.199999809265137,421500.0,6.199999809265137
6.960000038146973,6.320000171661377,6.71999979019165,6.400000095367432,119400.0,6.400000095367432
6.599999904632568,6.0,6.519999980926514,6.199999809265137,81400.0,6.199999809265137
6.400000095367432,5.800000190734863,6.400000095367432,6.159999847412109,70200.0,6.159999847412109
9.600000381469727,5.840000152587891,6.320000171661377,7.519999980926514,657400.0,7.519999980926514
9.800000190734863,7.599999904632568,9.199999809265137,9.399999618530273,551700.0,9.399999618530273
9.199999809265137,7.800000190734863,9.199999809265137,8.399999618530273,185000.0,8.399999618530273
8.600000381469727,7.920000076293945,8.199999809265137,8.039999961853027,110400.0,8.039999961853027
9.039999961853027,8.039999961853027,9.0,8.199999809265137,127300.0,8.199999809265137
8.760000228881836,6.800000190734863,8.760000228881836,8.199999809265137,129700.0,8.199999809265137
19.200000762939453,8.199999809265137,8.359999656677246,16.799999237060547,1471400.0,16.799999237060547
15.199999809265137,10.0,14.399999618530273,12.0,579500.0,12.0
20.399999618530273,12.520000457763672,13.359999656677246,14.960000038146973,1234200.0,14.960000038146973
14.399999618530273,11.600000381469727,13.520000457763672,12.760000228881836,648400.0,12.760000228881836
13.0,10.319999694824219,13.0,11.920000076293945,341100.0,11.920000076293945
12.399999618530273,10.15999984741211,12.199999809265137,10.399999618530273,255900.0,10.399999618530273
12.399999618530273,8.920000076293945,10.399999618530273,10.5600004196167,477800.0,10.5600004196167
12.199999809265137,10.319999694824219,11.119999885559082,10.800000190734863,181500.0,10.800000190734863
11.279999732971191,9.600000381469727,11.199999809265137,10.5600004196167,153700.0,10.5600004196167
10.720000267028809,9.0,10.0,10.600000381469727,233000.0,10.600000381469727
11.199999809265137,9.399999618530273,10.0,10.5600004196167,172300.0,10.5600004196167
10.800000190734863,9.600000381469727,9.800000190734863,10.15999984741211,151100.0,10.15999984741211
10.760000228881836,9.399999618530273,10.079999923706055,9.5600004196167,188800.0,9.5600004196167
10.0,9.239999771118164,9.920000076293945,9.600000381469727,102200.0,9.600000381469727
9.600000381469727,8.479999542236328,9.520000457763672,9.119999885559082,93900.0,9.119999885559082
9.079999923706055,7.679999828338623,9.0,8.199999809265137,132200.0,8.199999809265137
10.199999809265137,8.520000457763672,8.520000457763672,9.600000381469727,230400.0,9.600000381469727
9.720000267028809,8.600000381469727,9.600000381469727,9.0,82800.0,9.0
9.199999809265137,8.0,8.84000015258789,8.239999771118164,85200.0,8.239999771118164
8.199999809265137,5.679999828338623,8.199999809265137,7.320000171661377,120800.0,7.320000171661377
8.319999694824219,7.400000095367432,7.599999904632568,7.599999904632568,83800.0,7.599999904632568
9.600000381469727,7.0,8.079999923706055,7.400000095367432,324300.0,7.400000095367432
9.289999961853027,4.639999866485596,7.300000190734863,5.03000020980835,868600.0,5.03000020980835
5.739999771118164,4.949999809265137,5.010000228881836,5.150000095367432,445700.0,5.150000095367432
4.699999809265137,3.4100000858306885,4.599999904632568,3.7100000381469727,468700.0,3.7100000381469727
3.8489999771118164,3.0,3.5799999237060547,3.0999999046325684,296500.0,3.0999999046325684
3.890000104904175,3.052999973297119,3.130000114440918,3.4100000858306885,341900.0,3.4100000858306885
3.509999990463257,3.109999895095825,3.4000000953674316,3.2699999809265137,119400.0,3.2699999809265137
4.230000019073486,3.1700000762939453,3.299999952316284,3.5299999713897705,727900.0,3.5299999713897705
3.553999900817871,3.0490000247955322,3.369999885559082,3.0999999046325684,226800.0,3.0999999046325684
3.6500000953674316,3.109999895095825,3.1500000953674316,3.450000047683716,647800.0,3.450000047683716
4.5,3.2200000286102295,3.4000000953674316,3.930000066757202,986300.0,3.930000066757202
3.880000114440918,3.444000005722046,3.5,3.609999895095825,265200.0,3.609999895095825
3.683000087738037,3.299999952316284,3.559999942779541,3.3499999046325684,105400.0,3.3499999046325684
4.360000133514404,3.200000047683716,3.240000009536743,4.150000095367432,767200.0,4.150000095367432
7.25,4.21999979019165,4.239999771118164,4.440000057220459,2651400.0,4.440000057220459
4.699999809265137,4.050000190734863,4.289999961853027,4.349999904632568,181600.0,4.349999904632568
5.96999979019165,4.0,4.21999979019165,4.519999980926514,1985900.0,4.519999980926514
5.389999866485596,4.510000228881836,4.980000019073486,4.800000190734863,835500.0,4.800000190734863
5.199999809265137,4.340000152587891,5.050000190734863,4.610000133514404,276300.0,4.610000133514404
4.88100004196167,4.119999885559082,4.679999828338623,4.635000228881836,183800.0,4.635000228881836
4.71999979019165,4.260000228881836,4.71999979019165,4.349999904632568,70500.0,4.349999904632568
4.521999835968018,4.099999904632568,4.349999904632568,4.099999904632568,107600.0,4.099999904632568
4.449999809265137,3.9600000381469727,4.099999904632568,4.0,143400.0,4.0
3.994999885559082,3.109999895095825,3.9000000953674316,3.569999933242798,130500.0,3.569999933242798
3.9000000953674316,3.3299999237060547,3.5199999809265137,3.619999885559082,63200.0,3.619999885559082
4.380000114440918,3.680000066757202,3.9200000762939453,3.7200000286102295,191400.0,3.7200000286102295
3.7699999809265137,3.4000000953674316,3.75,3.5989999771118164,60200.0,3.5989999771118164
3.5999999046325684,3.3399999141693115,3.5399999618530273,3.3499999046325684,82900.0,3.3499999046325684
3.499000072479248,3.259999990463257,3.430000066757202,3.2699999809265137,78600.0,3.2699999809265137
3.3299999237060547,3.114000082015991,3.3299999237060547,3.174999952316284,56100.0,3.174999952316284
3.255000114440918,3.0199999809265137,3.1600000858306885,3.069999933242798,75300.0,3.069999933242798
3.0899999141693115,2.700000047683716,3.0899999141693115,2.7699999809265137,91600.0,2.7699999809265137
3.190000057220459,2.7699999809265137,2.7699999809265137,2.990000009536743,90500.0,2.990000009536743
5.929999828338623,3.5,4.150000095367432,4.099999904632568,9694500.0,4.099999904632568
3.799999952316284,3.069999933242798,3.740000009536743,3.2100000381469727,473500.0,3.2100000381469727
3.059999942779541,2.75,3.0299999713897705,2.75,156000.0,2.75
2.9100000858306885,2.759999990463257,2.759999990463257,2.880000114440918,109000.0,2.880000114440918
3.003999948501587,2.619999885559082,3.0,3.0,152700.0,3.0
3.130000114440918,2.8499999046325684,2.8499999046325684,2.930000066757202,92900.0,2.930000066757202
3.200000047683716,2.9600000381469727,2.9600000381469727,3.190000057220459,129400.0,3.190000057220459
3.697000026702881,3.0299999713897705,3.0299999713897705,3.380000114440918,112300.0,3.380000114440918
3.5299999713897705,3.119999885559082,3.5299999713897705,3.200000047683716,75900.0,3.200000047683716
3.4000000953674316,3.115999937057495,3.1700000762939453,3.259999990463257,79200.0,3.259999990463257
3.7200000286102295,3.3499999046325684,3.450000047683716,3.7200000286102295,154100.0,3.7200000286102295
3.690000057220459,3.2200000286102295,3.559999942779541,3.380000114440918,122000.0,3.380000114440918
3.309999942779541,3.180000066757202,3.299999952316284,3.2799999713897705,118600.0,3.2799999713897705
5.349999904632568,4.019999980926514,4.260000228881836,4.300000190734863,10169400.0,4.300000190734863
4.099999904632568,3.4000000953674316,4.099999904632568,3.4100000858306885,667100.0,3.4100000858306885
3.299999952316284,2.4000000953674316,3.299999952316284,2.4200000762939453,2402900.0,2.4200000762939453
2.380000114440918,1.9800000190734863,2.299999952316284,2.3299999237060547,1623700.0,2.3299999237060547
2.799999952316284,2.180000066757202,2.619999885559082,2.380000114440918,3342700.0,2.380000114440918
2.450000047683716,2.200000047683716,2.450000047683716,2.319999933242798,622700.0,2.319999933242798
2.309999942779541,2.1600000858306885,2.259999990463257,2.2300000190734863,458800.0,2.2300000190734863
2.3399999141693115,2.200000047683716,2.25,2.2799999713897705,662000.0,2.2799999713897705
2.450000047683716,2.200000047683716,2.200000047683716,2.4000000953674316,1348700.0,2.4000000953674316
2.4100000858306885,2.25,2.299999952316284,2.309999942779541,460300.0,2.309999942779541
2.325000047683716,2.2100000381469727,2.309999942779541,2.259999990463257,331200.0,2.259999990463257
2.2799999713897705,2.200000047683716,2.259999990463257,2.2200000286102295,332500.0,2.2200000286102295
2.240000009536743,2.0999999046325684,2.2200000286102295,2.130000114440918,355900.0,2.130000114440918
2.259999990463257,2.119999885559082,2.1700000762939453,2.240000009536743,876200.0,2.240000009536743
2.2899999618530273,2.140000104904175,2.200000047683716,2.2300000190734863,693500.0,2.2300000190734863
2.240000009536743,2.1500000953674316,2.2300000190734863,2.180000066757202,287700.0,2.180000066757202
2.3499999046325684,2.180000066757202,2.2300000190734863,2.2699999809265137,704300.0,2.2699999809265137
2.319999933242798,2.1600000858306885,2.299999952316284,2.2100000381469727,389000.0,2.2100000381469727
2.2100000381469727,2.109999895095825,2.190000057220459,2.1419999599456787,242000.0,2.1419999599456787
2.1700000762939453,2.009999990463257,2.140000104904175,2.049999952316284,402600.0,2.049999952316284
2.0899999141693115,1.649999976158142,2.0899999141693115,1.6699999570846558,1125800.0,1.6699999570846558
1.7400000095367432,1.2999999523162842,1.690000057220459,1.5700000524520874,1803600.0,1.5700000524520874
1.5700000524520874,1.409999966621399,1.5499999523162842,1.4700000286102295,584100.0,1.4700000286102295
1.5499999523162842,1.3200000524520874,1.4800000190734863,1.5,868400.0,1.5
1.6299999952316284,1.3600000143051147,1.4900000095367432,1.5399999618530273,723400.0,1.5399999618530273
1.5800000429153442,1.4299999475479126,1.5299999713897705,1.5,450100.0,1.5
1.600000023841858,1.409999966621399,1.4900000095367432,1.5299999713897705,924200.0,1.5299999713897705
1.6200000047683716,1.4500000476837158,1.5299999713897705,1.5,672300.0,1.5
1.5049999952316284,1.4199999570846558,1.4900000095367432,1.4500000476837158,359800.0,1.4500000476837158
1.444000005722046,1.3300000429153442,1.4299999475479126,1.350000023841858,699000.0,1.350000023841858
1.3869999647140503,1.2999999523162842,1.350000023841858,1.3200000524520874,272100.0,1.3200000524520874
1.409000039100647,1.2999999523162842,1.2999999523162842,1.350000023841858,766700.0,1.350000023841858
1.340000033378601,1.2100000381469727,1.340000033378601,1.2799999713897705,514200.0,1.2799999713897705
1.2599999904632568,1.2000000476837158,1.2599999904632568,1.2100000381469727,268700.0,1.2100000381469727
1.3600000143051147,1.1100000143051147,1.2100000381469727,1.2599999904632568,1356500.0,1.2599999904632568
1.2599999904632568,1.2000000476837158,1.25,1.2200000286102295,317200.0,1.2200000286102295
1.2200000286102295,1.1200000047683716,1.2100000381469727,1.1699999570846558,370700.0,1.1699999570846558
1.190000057220459,1.1100000143051147,1.1799999475479126,1.149999976158142,472800.0,1.149999976158142
1.5,1.0099999904632568,1.159999966621399,1.440000057220459,3616800.0,1.440000057220459
1.6299999952316284,1.2510000467300415,1.3300000429153442,1.4299999475479126,2097800.0,1.4299999475479126
1.5399999618530273,1.350000023841858,1.5399999618530273,1.440000057220459,779100.0,1.440000057220459
1.3930000066757202,1.25,1.3899999856948853,1.3600000143051147,710200.0,1.3600000143051147
1.4299999475479126,1.2899999618530273,1.2899999618530273,1.4199999570846558,499600.0,1.4199999570846558
1.4199999570846558,1.3070000410079956,1.4199999570846558,1.3600000143051147,302100.0,1.3600000143051147
1.3600000143051147,1.25,1.3600000143051147,1.2799999713897705,522600.0,1.2799999713897705
1.309999942779541,1.2300000190734863,1.2799999713897705,1.2999999523162842,368900.0,1.2999999523162842
1.2799999713897705,1.149999976158142,1.149999976158142,1.2000000476837158,543800.0,1.2000000476837158
1.2200000286102295,1.1510000228881836,1.2200000286102295,1.190000057220459,337900.0,1.190000057220459
1.2000000476837158,1.1200000047683716,1.190000057220459,1.1799999475479126,704800.0,1.1799999475479126
1.159999966621399,1.0800000429153442,1.149999976158142,1.1100000143051147,581000.0,1.1100000143051147
1.2699999809265137,1.1100000143051147,1.1299999952316284,1.159999966621399,1155000.0,1.159999966621399
1.190000057220459,1.055999994277954,1.190000057220459,1.159999966621399,1145800.0,1.159999966621399
1.0,0.7599999904632568,0.9890000224113464,0.8029999732971191,1978300.0,0.8029999732971191
0.8799999952316284,0.8040000200271606,0.8510000109672546,0.8399999737739563,665700.0,0.8399999737739563
0.8299999833106995,0.7300000190734863,0.8100000023841858,0.8149999976158142,603700.0,0.8149999976158142
0.8199999928474426,0.75,0.8090000152587891,0.796999990940094,219300.0,0.796999990940094
0.8389999866485596,0.7699999809265137,0.8100000023841858,0.7990000247955322,610600.0,0.7990000247955322
0.8190000057220459,0.75,0.7799999713897705,0.7940000295639038,1253000.0,0.7940000295639038
0.8190000057220459,0.7599999904632568,0.7799999713897705,0.7900000214576721,453500.0,0.7900000214576721
0.9769999980926514,0.781000018119812,0.800000011920929,0.8849999904632568,2329600.0,0.8849999904632568
0.8640000224113464,0.8100000023841858,0.8399999737739563,0.8399999737739563,419500.0,0.8399999737739563
0.8500000238418579,0.75,0.8399999737739563,0.7979999780654907,357800.0,0.7979999780654907
1.7799999713897705,1.090000033378601,1.4299999475479126,1.1799999475479126,53327500.0,1.1799999475479126
1.1399999856948853,0.9710000157356262,1.1100000143051147,1.0099999904632568,3310300.0,1.0099999904632568
1.0800000429153442,0.9599999785423279,0.9599999785423279,1.0399999618530273,1517700.0,1.0399999618530273
1.0199999809265137,0.9100000262260437,1.0,0.925000011920929,1162000.0,0.925000011920929
0.9440000057220459,0.8700000047683716,0.9300000071525574,0.9070000052452087,731400.0,0.9070000052452087
0.906000018119812,0.8399999737739563,0.8899999856948853,0.878000020980835,459700.0,0.878000020980835
0.9700000286102295,0.8500000238418579,0.878000020980835,0.9279999732971191,479500.0,0.9279999732971191
0.9300000071525574,0.8799999952316284,0.9300000071525574,0.8880000114440918,334500.0,0.8880000114440918
0.9100000262260437,0.8700000047683716,0.8759999871253967,0.8989999890327454,363600.0,0.8989999890327454
1.0499999523162842,0.8629999756813049,0.8809999823570251,0.9300000071525574,2972400.0,0.9300000071525574
0.9800000190734863,0.8799999952316284,0.9449999928474426,0.8999999761581421,807900.0,0.8999999761581421
0.9120000004768372,0.6940000057220459,0.8999999761581421,0.8199999928474426,1304000.0,0.8199999928474426
0.8899999856948853,0.8100000023841858,0.8100000023841858,0.824999988079071,405400.0,0.824999988079071
0.8450000286102295,0.7699999809265137,0.8450000286102295,0.7960000038146973,501000.0,0.7960000038146973
0.8309999704360962,0.7889999747276306,0.7979999780654907,0.8299999833106995,344600.0,0.8299999833106995
0.8199999928474426,0.7649999856948853,0.8050000071525574,0.800000011920929,396400.0,0.800000011920929
0.800000011920929,0.7789999842643738,0.781000018119812,0.7990000247955322,320100.0,0.7990000247955322
0.8199999928474426,0.7699999809265137,0.7699999809265137,0.7850000262260437,343100.0,0.7850000262260437
0.8100000023841858,0.7699999809265137,0.8069999814033508,0.7770000100135803,240200.0,0.7770000100135803
0.800000011920929,0.7400000095367432,0.7799999713897705,0.7620000243186951,338400.0,0.7620000243186951
0.7649999856948853,0.7300000190734863,0.7639999985694885,0.7450000047683716,191600.0,0.7450000047683716
0.7630000114440918,0.734000027179718,0.7599999904632568,0.7509999871253967,234500.0,0.7509999871253967
0.7900000214576721,0.7080000042915344,0.7559999823570251,0.7369999885559082,853900.0,0.7369999885559082
0.8199999928474426,0.7509999871253967,0.800000011920929,0.800000011920929,432400.0,0.800000011920929
0.8199999928474426,0.7599999904632568,0.7699999809265137,0.796999990940094,287200.0,0.796999990940094
0.8199999928474426,0.7699999809265137,0.8190000057220459,0.7699999809265137,128700.0,0.7699999809265137
0.7829999923706055,0.7580000162124634,0.7699999809265137,0.7630000114440918,98400.0,0.7630000114440918
0.8199999928474426,0.7379999756813049,0.7609999775886536,0.800000011920929,325200.0,0.800000011920929
0.8199999928474426,0.7519999742507935,0.8199999928474426,0.7889999747276306,167800.0,0.7889999747276306
0.9490000009536743,0.7620000243186951,0.8999999761581421,0.8149999976158142,2415300.0,0.8149999976158142
0.8100000023841858,0.7300000190734863,0.800000011920929,0.7609999775886536,568300.0,0.7609999775886536
0.8500000238418579,0.75,0.7620000243186951,0.8299999833106995,387300.0,0.8299999833106995
0.8500000238418579,0.7699999809265137,0.8199999928474426,0.8299999833106995,446400.0,0.8299999833106995
0.847000002861023,0.7450000047683716,0.800000011920929,0.7590000033378601,494500.0,0.7590000033378601
0.7919999957084656,0.7300000190734863,0.7919999957084656,0.7300000190734863,300100.0,0.7300000190734863
0.7609999775886536,0.6809999942779541,0.7350000143051147,0.699999988079071,465500.0,0.699999988079071
0.7300000190734863,0.6700000166893005,0.7289999723434448,0.6840000152587891,209200.0,0.6840000152587891
0.7049999833106995,0.6729999780654907,0.699999988079071,0.6899999976158142,220700.0,0.6899999976158142
0.699999988079071,0.675000011920929,0.699999988079071,0.6800000071525574,184500.0,0.6800000071525574
0.6949999928474426,0.6000000238418579,0.6949999928474426,0.6449999809265137,361000.0,0.6449999809265137
0.640999972820282,0.6029999852180481,0.640999972820282,0.625,192400.0,0.625
0.6309999823570251,0.5699999928474426,0.625,0.5950000286102295,825800.0,0.5950000286102295
0.6899999976158142,0.5860000252723694,0.6060000061988831,0.6399999856948853,893000.0,0.6399999856948853
0.6890000104904175,0.6029999852180481,0.6600000262260437,0.6320000290870667,213200.0,0.6320000290870667
0.6570000052452087,0.6050000190734863,0.6050000190734863,0.6499999761581421,116800.0,0.6499999761581421
0.6499999761581421,0.6200000047683716,0.6439999938011169,0.6359999775886536,108900.0,0.6359999775886536
0.6499999761581421,0.6150000095367432,0.6499999761581421,0.6150000095367432,154500.0,0.6150000095367432
0.6700000166893005,0.6029999852180481,0.6150000095367432,0.6370000243186951,450000.0,0.6370000243186951
0.6600000262260437,0.6100000143051147,0.6499999761581421,0.628000020980835,456600.0,0.628000020980835
0.6399999856948853,0.6100000143051147,0.6299999952316284,0.6259999871253967,206400.0,0.6259999871253967
0.6520000100135803,0.5960000157356262,0.625,0.6200000047683716,842700.0,0.6200000047683716
0.6399999856948853,0.6000000238418579,0.6119999885559082,0.6169999837875366,629300.0,0.6169999837875366
0.6119999885559082,0.5699999928474426,0.6119999885559082,0.5899999737739563,526000.0,0.5899999737739563
0.6980000138282776,0.5740000009536743,0.6100000143051147,0.6349999904632568,1829000.0,0.6349999904632568
0.6790000200271606,0.6100000143051147,0.6299999952316284,0.6449999809265137,1576800.0,0.6449999809265137
0.6600000262260437,0.6200000047683716,0.6499999761581421,0.6340000033378601,550300.0,0.6340000033378601
0.6389999985694885,0.5519999861717224,0.6389999985694885,0.5799999833106995,2005000.0,0.5799999833106995
0.5799999833106995,0.5099999904632568,0.5799999833106995,0.5460000038146973,1040000.0,0.5460000038146973
0.5299999713897705,0.5049999952316284,0.5120000243186951,0.5199999809265137,423800.0,0.5199999809265137
